ID,Date,Wet Weight (g),Carapace Length (mm),Locn.
4,2/10/1963,257.8,122,EB
4,6/11/1990,408,135,EB
4,20/11/1990,358,,Perth Zoo
4,7/11/1992,356,,EB
4,6/06/2000,358.3,134.2,Perth Zoo
4,11/12/2000,378,,Perth Zoo
4,15/03/2001,342,,Perth Zoo
4,7/06/2001,342,,Perth Zoo
4,14/12/2001,373.6,,Perth Zoo
4,3/06/2002,327.8,,Perth Zoo
4,24/07/2002,362.1,134.9,Perth Zoo
4,11/06/2003,334.8,,Perth Zoo
4,8/08/2003,367.1,135.1,Perth Zoo
4,22/12/2003,378.7,,Perth Zoo
4,5/06/2004,349.5,,Perth Zoo
4,31/08/2004,376.8,135,Perth Zoo
4,23/12/2004,378.2,,Perth Zoo
4,5/06/2005,327,,Perth Zoo
4,12/09/2005,383.8,,Perth Zoo
4,20/09/2005,391.6,,Perth Zoo
4,28/09/2005,400,,Perth Zoo
4,4/10/2005,406.1,,Perth Zoo
4,25/10/2005,422.6,,Perth Zoo
4,2/11/2005,428.4,,Perth Zoo
4,24/11/2005,381.6,,Perth Zoo
4,6/12/2005,379.9,,Perth Zoo
4,12/12/2005,379.7,,Perth Zoo
4,24/12/2005,377.7,,Perth Zoo
4,27/12/2005,377,,Perth Zoo
4,17/06/2006,348.6,,Perth Zoo
4,23/07/2006,374,135.5,Perth Zoo
4,23/07/2006,374,,Perth Zoo
4,28/07/2006,374,135.5,EB
4,28/07/2006,375.3,,Perth Zoo
4,29/09/2006,392.4,135.4,EB
4,13/08/2007,352,135.7,EB
4,19/11/2007,374,136,EB
4,12/06/2008,390,135,EB
4,8/10/2010,362,134.7,EB
4,19/08/2011,342,134.1,EB
10,13/10/1964,300.5,,EB
10,11/11/1964,360,,EB
10,6/11/1981,367,132.6,EB
10,29/10/1982,374,132.6,EB
10,7/11/1989,355,132.1,EB
10,26/08/1993,335,131.7,EB
10,1/07/1994,329,131.8,EB
10,27/09/1994,341,131.6,EB
10,31/10/1998,352,131.3,EB
10,25/11/2003,347,131,EB
10,3/09/2006,330,131.2,EB
10,29/09/2006,336.5,131.2,EB
10,4/08/2007,319,131.3,EB
10,4/08/2007,330,,Perth Zoo
10,5/08/2007,312.3,131.3,Perth Zoo
10,13/08/2007,321.2,,Perth Zoo
10,18/11/2008,340,131.7,EB
137,27/06/1975,38,62.2,EB
137,19/10/1976,68,74.3,EB
137,29/10/1976,70,,EB
137,5/10/1978,91,80.2,EB
137,23/10/1978,102,82.9,EB
137,7/11/1989,260,113,EB
137,14/10/1992,254,113.2,EB
137,30/05/1994,217,113.8,EB
137,6/10/1994,246,114.1,EB
137,17/11/1995,232,115.2,EB
137,11/11/1998,281,116.8,EB
137,10/11/2003,296,118.7,EB
137,23/11/2005,274,119.9,EB
137,28/07/2006,259,120.2,EB
137,17/10/2006,293,120,EB
137,28/02/2007,241,,EB
137,18/11/2008,312,120.2,EB
137,3/07/2009,255,120.5,EB
144,24/10/1976,77,77.3,EB
144,18/10/1977,92,80.4,EB
144,23/05/1978,83,,EB
144,12/06/1979,108,89.2,EB
144,1/10/1979,120,89.7,EB
144,30/07/1980,124,91.1,EB
144,13/10/1981,156,99.2,EB
144,6/10/1982,182.5,103.4,EB
144,24/10/1983,214,111.3,EB
144,22/05/1984,195,112.9,EB
144,23/10/1984,246,116.9,EB
144,2/07/1986,230,118.4,EB
144,7/10/1987,285,123.1,EB
144,13/06/1989,280,124.4,EB
144,7/11/1989,291,123.9,EB
144,14/07/1991,271,124,EB
144,17/10/1991,302,,EB
144,16/06/1992,263,124.1,EB
144,21/07/1993,275,124.3,EB
144,2/09/1993,269,124,EB
144,21/06/1994,270,124.2,EB
144,4/07/1994,270,,EB
144,16/08/1994,287,,EB
144,10/10/1995,299,124.4,EB
144,17/11/1995,298,125,EB
144,17/06/1997,279,125.4,EB
144,11/11/1998,299,125.3,EB
144,21/07/1999,275,125,EB
144,23/06/2000,276,125.3,EB
144,28/10/2000,302,125.6,EB
144,19/07/2001,290,125.5,EB
144,10/11/2003,310,126.5,EB
144,20/05/2004,274,125.8,EB
144,7/06/2004,278,,EB
144,29/06/2004,276,,EB
146,29/10/1976,68.8,76.1,EB
146,6/07/1988,180,109.6,EB
146,3/11/1993,215,109,EB
146,11/11/1998,251,112.7,EB
146,23/10/2000,260,115.4,EB
146,1/09/2003,246,114.2,EB
146,10/11/2003,270,115.4,EB
151,17/10/1980,76.5,75.4,EB
151,14/09/1982,106,82.5,EB
151,18/05/1984,121,91.5,EB
151,5/09/1991,280,124.7,EB
151,18/06/1992,275,126.7,EB
151,14/10/1992,310,127.8,EB
151,6/10/1993,305,,EB
151,2/06/1994,,128.2,EB
151,20/06/1994,290,,EB
151,20/07/1994,298,127.8,EB
151,27/09/1994,293,128,EB
151,9/08/1995,274,128.2,EB
151,19/10/1995,319,,EB
151,17/11/1995,317,128.4,EB
151,11/11/1998,330,130.5,EB
151,28/10/2000,342,131.6,EB
151,14/11/2001,339,131.9,EB
151,17/09/2003,350,131.5,EB
151,4/07/2004,328,132,EB
151,27/07/2005,342,132.1,EB
151,29/07/2006,327,133.5,EB
151,29/09/2006,354.6,133.4,EB
151,21/11/2009,385,134.7,EB
151,22/09/2010,366,134.4,EB
151,8/10/2010,369,,EB
158,25/10/1982,52.5,37.3,EB
158,29/06/1983,57.8,34,EB
158,11/11/1983,68.7,62,EB
158,11/07/1985,75.1,74,EB
158,7/11/1989,101.9,169,EB
158,16/10/1991,109.3,192,EB
158,17/11/1995,118.8,238,EB
158,26/11/1996,123,270,EB
158,17/06/1997,122.9,249,EB
158,11/11/1998,125.7,283,EB
158,19/10/1999,125.3,291,EB
158,21/11/1999,126.4,273,EB
158,21/06/2000,126.4,262,EB
158,9/08/2000,96.5,273,EB
158,1/09/2003,288,126.1,EB
158,4/07/2004,263,127.8,EB
158,19/09/2006,290,129.9,EB
158,29/09/2006,302.4,129.6,EB
158,18/11/2008,314,130.7,EB
160,2/11/1982,33.2,58.2,EB
160,7/11/1989,165,104.3,EB
160,3/09/1990,162,104.8,EB
160,17/10/1992,221,116.1,EB
160,21/07/1993,200,116.2,EB
160,20/10/1993,227,118,EB
160,23/09/1994,212,118.7,EB
160,14/11/2001,288,130,EB
160,1/09/2003,266,130,EB
160,14/10/2003,307,,EB
160,5/11/2003,303,,EB
160,10/11/2003,317,131.1,EB
160,13/06/2005,285,130.5,EB
160,22/08/2005,296,130.6,EB
169,22/06/1984,5.2,27,EB
169,3/07/1989,103.4,89.2,EB
169,7/11/1989,134,92.8,EB
169,3/09/1990,124,93,EB
169,12/11/1990,142,96.7,EB
169,17/08/1991,148,96.4,EB
169,1/07/1994,195,108.5,EB
169,30/09/1994,209,110.6,EB
169,26/07/1996,222,119.1,EB
169,6/06/1999,242,121.1,EB
169,17/10/2001,278,123.4,EB
169,29/10/2001,285,,EB
169,10/11/2003,303,125,EB
169,29/06/2004,273,125.2,EB
173,15/07/1985,107,89.3,EB
173,19/10/1987,168,102.9,EB
173,7/11/1989,226,111,EB
173,15/05/1994,192,,EB
173,5/09/1994,239,113,EB
173,17/11/1995,233,114.2,EB
173,28/10/2000,269,117.2,EB
173,14/11/2001,261,117.2,EB
173,10/11/2003,266,118.2,EB
173,14/06/2004,249,118.2,EB
173,29/06/2004,253,,EB
173,29/07/2006,247,118,EB
173,29/09/2006,246,117.6,EB
173,18/11/2008,254,117.6,EB
174,12/11/1986,105,87.45,EB
174,2/11/1987,126,94.7,EB
174,7/11/1989,187,106.2,EB
174,13/11/1990,195,110.8,EB
174,11/06/1992,212,116,EB
174,30/10/1992,219,116.7,EB
174,11/11/1998,272,123.7,EB
174,26/11/2001,263,125.3,EB
174,13/06/2004,274,126.8,EB
176,12/09/1988,280,121.3,EB
176,21/09/1999,282.9,122.5,EB
176,10/11/2006,313,124.3,EB
180,7/11/1989,56,67.2,EB
180,1/02/1990,56,67.2,EB
180,16/06/1992,98,85.1,EB
180,11/11/1998,186,106.2,EB
180,28/10/2000,214,111.6,EB
180,10/11/2003,247,114.5,EB
182,7/11/1989,24,49,EB
182,13/11/1990,44,61.2,EB
182,14/11/1990,44,61.2,EB
182,21/11/1991,65,72.8,EB
182,4/11/1992,79.5,78,EB
182,5/07/1993,80,78,EB
182,11/10/1993,98,81.3,EB
182,11/11/1998,182,104,EB
182,1/11/1999,199,107.8,EB
182,21/11/1999,198,108.4,EB
182,8/10/2000,210,110.7,EB
182,28/10/2000,221,111.5,EB
182,7/08/2001,203,110.8,EB
182,24/08/2001,207,,EB
182,14/11/2001,233,112.6,EB
182,10/11/2003,269,116.6,EB
182,4/07/2004,231,116.9,EB
182,3/11/2004,272,117.2,EB
182,17/11/2005,287,120.7,EB
182,1/10/2006,292,121.1,EB
182,7/11/2009,310,122.4,EB
182,14/09/2010,270,122,EB
182,8/07/2011,245,122.1,EB
183,15/08/1990,176,106,EB
183,18/10/1998,282,116.4,EB
183,23/06/2000,304,124.9,EB
183,9/12/2000,349,128.1,EB
183,18/11/2008,370,131.2,EB
186,3/09/1990,348,136.2,EB
186,17/06/1992,325,135.5,EB
186,14/07/1992,338,136,EB
186,20/06/1994,333,135.6,EB
186,30/09/1994,342,135.2,EB
186,28/10/2000,398,138.8,EB
186,25/06/2001,367,137.7,EB
186,10/07/2001,357,,EB
186,24/10/2001,376,137.8,EB
186,30/09/2003,405,137.9,EB
187,4/12/1990,116.7,246,EB
187,17/10/1992,115.8,270,EB
187,28/08/1995,116.4,249,EB
187,20/12/1995,116.4,258,EB
187,4/11/1996,118.7,265,EB
187,21/11/2005,316,121.2,EB
187,19/11/2007,266,120.9,EB
187,12/06/2008,271.7,121.4,EB
187,7/11/2009,292,121.4,EB
188,4/12/1990,210,108.5,EB
188,24/08/1991,184,,EB
188,17/10/1992,237,112.8,EB
188,18/10/1993,244,113.4,EB
188,22/10/1998,308,121,EB
188,18/11/2008,318,127.5,EB
191,14/07/1991,112.2,200,EB
191,24/08/1991,,193,EB
191,27/07/1993,114.8,,EB
191,21/06/1994,115.3,207,EB
191,28/09/1994,115.7,230,EB
191,17/11/1995,115.8,222,EB
191,26/11/1996,117.8,238,EB
191,3/11/2004,288,122.5,EB
191,21/07/2007,258,124.1,EB
191,8/10/2010,290,125.3,EB
191,8/07/2011,258,125.9,EB
194,27/10/1992,99.7,159,EB
194,27/10/1992,99.8,152,EB
194,26/11/1996,113.5,222,EB
194,23/06/2000,123.9,249,EB
194,20/07/2004,282,127.1,EB
194,18/11/2008,331,131.4,EB
196,17/11/1992,318,132,EB
196,18/11/1992,318,132,Perth Zoo
196,20/06/1993,309,,Perth Zoo
196,18/07/1999,320.8,,Perth Zoo
196,21/07/1999,320.8,131.1,EB
196,19/10/1999,357.8,,EB
196,5/06/2000,283.5,,Perth Zoo
196,11/12/2000,335,,Perth Zoo
196,7/06/2001,286.1,,Perth Zoo
196,14/12/2001,328.7,,Perth Zoo
196,3/06/2002,285.4,,Perth Zoo
196,22/07/2002,315.9,,Perth Zoo
196,11/06/2003,301,,Perth Zoo
196,29/07/2003,333.7,131.2,Perth Zoo
196,23/12/2003,342.4,,Perth Zoo
196,5/06/2004,315,,Perth Zoo
196,9/09/2004,341.9,131,Perth Zoo
196,24/12/2004,331.8,,Perth Zoo
196,8/06/2005,286.1,,Perth Zoo
196,7/09/2005,332.1,,Perth Zoo
196,12/09/2005,333.6,,Perth Zoo
196,20/09/2005,337.3,,Perth Zoo
196,28/09/2005,354.6,,Perth Zoo
196,25/10/2005,370.4,,Perth Zoo
196,2/11/2005,367,,Perth Zoo
196,24/11/2005,336.7,,Perth Zoo
196,6/12/2005,346,,Perth Zoo
196,12/12/2005,338.6,,Perth Zoo
196,24/12/2005,338,,Perth Zoo
196,17/06/2006,302.8,,Perth Zoo
196,23/07/2006,336.6,130.9,Perth Zoo
196,23/07/2006,336.6,,Perth Zoo
196,28/07/2006,336.6,130.9,EB
196,29/09/2006,373.8,130.7,EB
196,3/08/2007,305,130.5,EB
196,22/11/2007,351,130.4,EB
196,12/06/2008,304,130.3,EB
196,22/11/2009,343,130.4,EB
197,17/11/1992,153,98.4,EB
197,19/11/1992,153,98.4,Perth Zoo
197,19/11/1992,153,,Perth Zoo
197,13/12/1992,151,,Perth Zoo
197,1/02/1993,149,,Perth Zoo
197,29/03/1993,144,,Perth Zoo
197,5/06/1993,131,,Perth Zoo
197,20/06/1993,146,,Perth Zoo
197,20/10/1993,155,,Perth Zoo
197,14/12/1993,160,98.1,Perth Zoo
197,28/01/1994,156.5,,Perth Zoo
197,5/04/1994,143.1,,Perth Zoo
197,8/06/1994,144,,Perth Zoo
197,3/09/1994,151,,Perth Zoo
197,15/12/1994,165,98.3,Perth Zoo
197,24/12/1994,161,,Perth Zoo
197,1/03/1995,141,,Perth Zoo
197,9/06/1995,146,,Perth Zoo
197,4/08/1995,156,,Perth Zoo
197,16/11/1995,169,,Perth Zoo
197,28/11/1995,168,98.4,Perth Zoo
197,30/11/1995,170,,Perth Zoo
197,2/06/1996,156,,Perth Zoo
197,19/11/1996,174,,Perth Zoo
197,Dec-96,173,98.9,Perth Zoo
197,21/12/1996,173,,Perth Zoo
197,7/06/1997,149,,Perth Zoo
197,28/10/1997,168,98.9,Perth Zoo
197,31/01/1998,160.6,,Perth Zoo
197,9/05/1998,152.1,,Perth Zoo
197,3/06/1998,161.7,98.6,Perth Zoo
197,19/12/1998,190,,Perth Zoo
197,28/05/1999,162.3,,Perth Zoo
197,27/06/1999,180.6,102,Perth Zoo
197,27/06/1999,180.6,,Perth Zoo
197,27/07/1999,189.4,,Perth Zoo
197,24/08/1999,187.3,,Perth Zoo
197,24/09/1999,189.9,,Perth Zoo
197,24/10/1999,189.5,,Perth Zoo
197,25/11/1999,193.4,,Perth Zoo
197,5/06/2000,173.2,,Perth Zoo
197,2/07/2000,190.7,102.4,Perth Zoo
197,2/07/2000,190.7,,Perth Zoo
197,31/07/2000,191.3,,Perth Zoo
197,26/08/2000,191.1,,Perth Zoo
197,24/09/2000,193.5,,Perth Zoo
197,21/10/2000,200.1,,Perth Zoo
197,19/11/2000,213,,Perth Zoo
197,12/12/2000,218,,Perth Zoo
197,7/06/2001,193.5,,Perth Zoo
197,19/06/2001,208.5,107,Perth Zoo
197,19/06/2001,208.5,,Perth Zoo
197,23/07/2001,216,,Perth Zoo
197,21/08/2001,208,,Perth Zoo
197,24/09/2001,213.4,,Perth Zoo
197,16/10/2001,218.6,,Perth Zoo
197,24/11/2001,219.2,,Perth Zoo
197,23/12/2001,220.3,,Perth Zoo
197,29/05/2002,195.7,,Perth Zoo
197,24/06/2002,210.1,106.9,Perth Zoo
197,24/06/2002,210.1,,Perth Zoo
197,26/07/2002,211.9,,Perth Zoo
197,24/08/2002,209.7,,Perth Zoo
197,25/09/2002,215.2,,Perth Zoo
197,21/10/2002,218.2,,Perth Zoo
197,17/08/2003,214.5,107.4,Perth Zoo
197,17/08/2003,214.5,,Perth Zoo
197,23/08/2003,219.5,,Perth Zoo
197,26/09/2003,221.5,,Perth Zoo
197,29/09/2003,223.4,,Perth Zoo
197,25/10/2003,230.1,,Perth Zoo
197,9/08/2004,225.9,108.1,Perth Zoo
197,9/08/2004,225.9,,Perth Zoo
197,22/09/2004,241.1,,Perth Zoo
197,24/09/2004,240,,Perth Zoo
197,9/10/2004,244.8,,Perth Zoo
197,11/10/2004,243.8,,Perth Zoo
197,16/10/2004,245.2,,Perth Zoo
197,10/06/2005,218.3,,Perth Zoo
197,25/07/2005,237.3,,Perth Zoo
197,24/08/2005,240.5,,Perth Zoo
197,19/12/2005,253.8,,Perth Zoo
197,19/06/2006,228.8,,Perth Zoo
197,23/07/2006,243.5,110.7,Perth Zoo
197,23/07/2006,243.5,,Perth Zoo
197,28/07/2006,243.5,110.7,EB
197,28/07/2006,249.2,,Perth Zoo
198,17/11/1992,264,122.1,EB
198,18/10/1998,304.8,125.8,EB
198,6/06/1999,278.5,125.5,EB
198,19/11/2003,354,134.1,EB
198,14/06/2004,343,134.4,EB
198,29/06/2004,335,,EB
198,4/08/2007,348,135,EB
198,4/08/2007,348,,Perth Zoo
198,5/08/2007,334.5,135,Perth Zoo
198,9/08/2007,333.9,,Perth Zoo
198,13/08/2007,338.8,,Perth Zoo
198,18/11/2008,360,135.3,EB
198,18/09/2010,333,135,EB
198,3/06/2011,338,135,EB
199,17/11/1992,193,107.7,EB
199,19/11/1992,193,107.3,Perth Zoo
199,13/12/1992,201,,Perth Zoo
199,1/02/1993,201,,Perth Zoo
199,29/03/1993,178,,Perth Zoo
199,5/06/1993,181,,Perth Zoo
199,20/06/1993,194,,Perth Zoo
199,20/10/1993,205,,Perth Zoo
199,28/01/1994,199.9,,Perth Zoo
199,5/04/1994,193.9,,Perth Zoo
199,8/06/1994,187,,Perth Zoo
199,3/09/1994,198,,Perth Zoo
199,24/12/1994,204,,Perth Zoo
199,1/03/1995,184,,Perth Zoo
199,9/06/1995,193,,Perth Zoo
199,30/11/1995,212,,Perth Zoo
199,2/06/1996,198,,Perth Zoo
199,21/12/1996,212,,Perth Zoo
199,7/06/1997,187,,Perth Zoo
199,15/01/1998,214,,Perth Zoo
199,6/06/1998,202,,Perth Zoo
199,5/12/1998,219,,Perth Zoo
199,10/06/1999,192.7,,Perth Zoo
199,13/12/1999,239.3,,Perth Zoo
199,5/06/2000,209.2,110.1,Perth Zoo
199,5/06/2000,209.2,,Perth Zoo
199,11/12/2000,235,,Perth Zoo
199,7/06/2001,208.8,,Perth Zoo
199,14/12/2001,238,,Perth Zoo
199,3/06/2002,220.2,,Perth Zoo
199,11/08/2002,226.7,111.5,Perth Zoo
199,16/12/2002,241.6,,Perth Zoo
199,11/06/2003,223.1,,Perth Zoo
199,17/08/2003,239.5,112.2,Perth Zoo
199,23/12/2003,253.7,,Perth Zoo
199,5/06/2004,236.4,,Perth Zoo
199,30/07/2004,259.1,113.6,Perth Zoo
199,29/12/2004,265.3,,Perth Zoo
199,5/06/2005,237.4,,Perth Zoo
199,23/08/2005,259,,Perth Zoo
199,12/09/2005,275.9,,Perth Zoo
199,20/09/2005,284,,Perth Zoo
199,28/09/2005,285.1,,Perth Zoo
199,4/10/2005,293.1,,Perth Zoo
199,25/10/2005,302.6,,Perth Zoo
199,9/11/2005,299.1,,Perth Zoo
199,20/11/2005,269,,Perth Zoo
199,24/12/2005,274,,Perth Zoo
199,17/06/2006,245.5,,Perth Zoo
199,23/07/2006,268,116.7,Perth Zoo
199,23/07/2006,268,,Perth Zoo
199,28/07/2006,268,116.7,EB
199,28/07/2006,278.7,,Perth Zoo
199,29/09/2006,329.8,116.9,EB
199,28/02/2007,251,,EB
199,18/11/2008,285,120,EB
199,21/11/2009,296,120.4,EB
255,17/11/1992,169,104.9,EB
255,19/11/1992,169,104.9,EB
255,13/12/1992,183,,Perth Zoo
255,1/02/1993,171,,Perth Zoo
255,29/03/1993,168,,Perth Zoo
255,5/06/1993,161,,Perth Zoo
255,20/06/1993,168,,Perth Zoo
255,21/07/1993,164,,Perth Zoo
255,20/10/1993,161,,Perth Zoo
255,16/11/1993,181,,Perth Zoo
255,28/01/1994,176.3,,Perth Zoo
255,5/04/1994,175.6,,Perth Zoo
255,8/06/1994,169,,Perth Zoo
255,21/07/1994,170,,Perth Zoo
255,3/09/1994,175,,Perth Zoo
255,24/12/1994,192,,Perth Zoo
255,1/03/1995,169,,Perth Zoo
255,9/06/1995,174,,Perth Zoo
255,16/11/1995,206,,Perth Zoo
255,30/11/1995,205,,Perth Zoo
255,2/06/1996,192,,Perth Zoo
255,19/11/1996,202,,Perth Zoo
255,21/12/1996,198,,Perth Zoo
255,7/06/1997,180,,Perth Zoo
255,31/01/1998,197.7,,Perth Zoo
255,9/05/1998,181.3,,Perth Zoo
255,3/06/1998,183.7,107.9,Perth Zoo
255,19/12/1998,216,,Perth Zoo
255,28/05/1999,188.7,,Perth Zoo
255,27/06/1999,2013.1,108.9,Perth Zoo
255,27/06/1999,203.1,,Perth Zoo
255,27/07/1999,209.9,,Perth Zoo
255,24/08/1999,212.6,,Perth Zoo
255,24/09/1999,212,,Perth Zoo
255,24/10/1999,217.8,,Perth Zoo
255,25/11/1999,220.8,,Perth Zoo
255,5/12/1999,221.2,,Perth Zoo
255,5/06/2000,194,,Perth Zoo
255,2/07/2000,209.1,109.2,Perth Zoo
255,2/07/2000,209.1,,Perth Zoo
255,31/07/2000,208.8,,Perth Zoo
255,26/08/2000,213.7,,Perth Zoo
255,17/09/2000,214.5,,Perth Zoo
255,21/10/2000,219.3,,Perth Zoo
255,19/11/2000,224.5,,Perth Zoo
255,12/12/2000,219,,Perth Zoo
255,7/06/2001,198.1,,Perth Zoo
255,1/07/2001,212.7,,Perth Zoo
255,29/07/2001,215.6,109.9,Perth Zoo
255,29/07/2001,215.6,,Perth Zoo
255,23/08/2001,220,,Perth Zoo
255,9/09/2001,223.6,,Perth Zoo
255,26/11/2001,236.1,,Perth Zoo
255,23/12/2001,240.8,,Perth Zoo
255,2/06/2002,214.8,,Perth Zoo
255,24/07/2002,233.2,112,Perth Zoo
255,24/07/2002,233.2,,Perth Zoo
255,4/10/2002,242.9,,Perth Zoo
255,19/08/2003,245.9,114.2,Perth Zoo
255,19/08/2003,245.9,,Perth Zoo
255,28/08/2003,249.5,,Perth Zoo
255,16/09/2003,248,,Perth Zoo
255,25/10/2003,257,,Perth Zoo
255,30/08/2004,251,115.1,Perth Zoo
255,30/08/2004,251,,Perth Zoo
255,2/10/2004,260.8,,Perth Zoo
255,4/10/2004,261.2,,Perth Zoo
255,16/10/2004,257.8,,Perth Zoo
255,10/06/2005,228.5,,Perth Zoo
255,9/10/2005,265.7,,Perth Zoo
255,28/10/2005,267.8,,Perth Zoo
255,19/12/2005,276.6,,Perth Zoo
255,19/06/2006,255.6,,Perth Zoo
255,23/07/2006,265.3,117.1,Perth Zoo
255,23/07/2006,265.3,,Perth Zoo
255,28/07/2006,265.3,117.1,EB
255,28/07/2006,266,,Perth Zoo
255,29/09/2006,277,117,EB
255,14/09/2010,268,122.4,EB
256,18/11/1992,251,118.1,EB
256,18/11/1992,251,118.1,EB
256,9/12/1992,257,,Perth Zoo
256,18/07/1999,264,,Perth Zoo
256,21/07/1999,263.6,119,EB
256,5/10/1999,289,,EB
256,6/10/1999,289,,Perth Zoo
256,5/06/2000,271.2,119.4,Perth Zoo
256,11/12/2000,289,,Perth Zoo
256,7/06/2001,259.4,,Perth Zoo
256,14/12/2001,286.4,,Perth Zoo
256,2/06/2002,263.3,,Perth Zoo
256,4/08/2002,285.8,120.1,Perth Zoo
256,16/12/2002,298.7,,Perth Zoo
256,11/06/2003,259.7,,Perth Zoo
256,17/07/2003,278,120.6,Perth Zoo
256,22/12/2003,298.4,,Perth Zoo
256,5/06/2004,267.1,,Perth Zoo
256,20/07/2004,285.8,120.7,Perth Zoo
256,23/12/2004,302.9,,Perth Zoo
256,8/06/2005,268.9,,Perth Zoo
256,7/09/2005,294.7,,Perth Zoo
256,12/09/2005,295.4,,Perth Zoo
256,20/09/2005,304.9,,Perth Zoo
256,28/09/2005,322.6,,Perth Zoo
256,25/10/2005,332.2,,Perth Zoo
256,1/11/2005,323.7,,Perth Zoo
256,2/11/2005,327.3,,Perth Zoo
256,24/11/2005,309.2,,Perth Zoo
256,6/12/2005,306.3,,Perth Zoo
256,12/12/2005,311.7,,Perth Zoo
256,24/12/2005,307.3,,Perth Zoo
256,27/12/2005,304.7,,Perth Zoo
256,17/06/2006,273,,Perth Zoo
256,23/07/2006,299.9,121.3,Perth Zoo
256,23/07/2006,299.9,,Perth Zoo
256,28/07/2006,299.9,121.3,EB
256,28/07/2006,311.6,,Perth Zoo
256,29/09/2006,312.4,121.2,EB
256,28/10/2006,331,121.3,EB
256,21/07/2007,257,121.2,EB
288,19/10/1993,15.76,43.1,EB
288,3/11/2004,184.5,105.7,EB
288,8/10/2010,220,113.6,EB
289,20/10/1993,20.5,45.6,EB
289,26/10/1994,34.3,55.6,EB
289,17/11/1995,47.5,63.9,EB
289,26/11/1996,71.5,73.8,EB
289,20/09/1997,74,75,EB
289,11/11/1998,100,83.6,EB
289,21/11/1999,112,90.4,EB
289,5/07/2000,105,90.4,EB
289,4/10/2000,141,94.2,EB
289,14/11/2001,146,97.7,EB
289,29/08/2003,159,100.2,EB
289,14/10/2003,173,,EB
289,13/06/2004,164,103.7,EB
341,6/10/1994,210,111.4,EB
341,23/10/2000,348,126,EB
341,24/10/2000,,126,EB
341,11/12/2000,303,,Perth Zoo
341,15/03/2001,283,,Perth Zoo
341,7/06/2001,256.7,,Perth Zoo
341,14/12/2001,299,,Perth Zoo
341,3/06/2002,257.3,,Perth Zoo
341,26/07/2002,283.5,126.4,Perth Zoo
341,16/12/2002,299.3,,Perth Zoo
341,11/06/2003,258.5,,Perth Zoo
341,18/08/2003,296,126.4,Perth Zoo
341,22/12/2003,301.3,,Perth Zoo
341,5/06/2004,270.7,,Perth Zoo
341,17/07/2004,284.6,126.1,Perth Zoo
341,23/12/2004,297.9,,Perth Zoo
341,8/06/2005,270.4,,Perth Zoo
341,12/09/2005,319,,Perth Zoo
341,20/09/2005,341.6,,Perth Zoo
341,25/10/2005,340.2,,Perth Zoo
341,24/11/2005,309,,Perth Zoo
341,6/12/2005,309,,Perth Zoo
341,24/12/2005,300.8,,Perth Zoo
341,27/12/2005,303.2,,Perth Zoo
341,17/06/2006,270.3,,Perth Zoo
341,23/07/2006,306,126.4,Perth Zoo
341,23/07/2006,306,,Perth Zoo
341,28/07/2006,306,126.4,EB
341,28/07/2006,313.8,,Perth Zoo
341,29/09/2006,328,126.4,EB
341,31/10/2006,308,125.3,EB
341,21/07/2007,281,126.5,EB
341,18/11/2008,312,127.5,EB
380,26/05/1995,235,120,EB
380,27/05/1995,235,120,EB
380,12/08/1995,254,,Perth Zoo
380,24/07/1998,251,119.6,Perth Zoo
380,9/07/2000,246,119.7,Perth Zoo
380,11/12/2000,266,,Perth Zoo
380,7/06/2001,234.1,,Perth Zoo
380,14/12/2001,262.2,,Perth Zoo
380,3/06/2002,234.3,,Perth Zoo
380,16/07/2002,261.5,120.2,Perth Zoo
380,16/12/2002,273.4,,Perth Zoo
380,11/06/2003,242.7,,Perth Zoo
380,18/07/2003,266.6,120.8,Perth Zoo
380,22/12/2003,275.6,,Perth Zoo
380,5/06/2004,250.9,,Perth Zoo
380,20/07/2004,272.2,120.9,Perth Zoo
380,29/12/2004,283.6,,Perth Zoo
380,8/06/2005,247.8,,Perth Zoo
380,7/09/2005,281.2,,Perth Zoo
380,12/09/2005,284.2,,Perth Zoo
380,20/09/2005,307.1,,Perth Zoo
380,25/10/2005,312.4,,Perth Zoo
380,24/11/2005,283.5,,Perth Zoo
380,6/12/2005,287.3,,Perth Zoo
380,12/12/2005,285,,Perth Zoo
380,24/12/2005,283.3,,Perth Zoo
380,18/06/2006,253.9,,Perth Zoo
380,23/07/2006,275.8,121.6,Perth Zoo
380,23/07/2006,275.8,,Perth Zoo
380,28/07/2006,275.8,121.6,EB
380,28/07/2006,287.7,,Perth Zoo
380,29/09/2006,320,122.2,EB
380,28/10/2006,320,121.1,EB
380,21/07/2007,253,121.5,EB
387,22/12/1995,205,109.6,EB
387,24/12/1995,181.1,109.5,EB
387,24/12/1995,181.1,,Perth Zoo
387,14/06/1996,183,,Perth Zoo
387,21/12/1996,199,,Perth Zoo
387,7/06/1997,182,,Perth Zoo
387,15/01/1998,217,,Perth Zoo
387,6/06/1998,197,,Perth Zoo
387,7/01/1999,219,,Perth Zoo
387,10/06/1999,199.9,,Perth Zoo
387,13/12/1999,225.7,,Perth Zoo
387,5/06/2000,202.4,110.9,Perth Zoo
387,5/06/2000,202.4,,Perth Zoo
387,11/12/2000,277,,Perth Zoo
387,7/06/2001,206.8,,Perth Zoo
387,14/12/2001,228.5,,Perth Zoo
387,3/06/2002,208.7,,Perth Zoo
387,12/08/2002,233.1,112.4,Perth Zoo
387,16/12/2002,249.9,,Perth Zoo
387,11/06/2003,227.6,,Perth Zoo
387,27/07/2003,247.9,114.5,Perth Zoo
387,22/12/2003,259.6,,Perth Zoo
387,5/06/2004,243.5,,Perth Zoo
387,27/07/2004,254.1,116.2,Perth Zoo
387,23/12/2004,275.2,,Perth Zoo
387,8/06/2005,237.3,,Perth Zoo
387,8/10/2005,297.1,,Perth Zoo
387,25/10/2005,304.4,,Perth Zoo
387,1/11/2005,303.7,,Perth Zoo
387,9/11/2005,306.1,,Perth Zoo
387,20/11/2005,276.8,,Perth Zoo
387,24/12/2005,271.4,,Perth Zoo
387,18/06/2006,249.7,,Perth Zoo
387,23/07/2006,272.8,119,Perth Zoo
387,23/07/2006,272.8,,Perth Zoo
387,28/07/2006,272.8,119,EB
387,28/07/2006,278.5,,Perth Zoo
508,4/11/1998,24,48.2,EB
508,21/11/1999,38,60.4,EB
508,24/11/1999,38.5,,EB
508,12/08/2001,50.5,67,EB
508,10/11/2003,94,82.2,EB
508,3/11/2004,94,82.9,EB
544,19/04/1999,6.3,28.2,Perth Zoo
544,19/04/1999,6.3,,Perth Zoo
544,26/04/1999,7.9,,Perth Zoo
544,3/05/1999,9,,Perth Zoo
544,10/05/1999,10.6,,Perth Zoo
544,17/05/1999,10.8,,Perth Zoo
544,24/05/1999,13.1,,Perth Zoo
544,31/05/1999,14.2,,Perth Zoo
544,14/06/1999,16.5,,Perth Zoo
544,28/06/1999,18.6,,Perth Zoo
544,5/07/1999,19.4,,Perth Zoo
544,5/07/1999,19.4,,Perth Zoo
544,12/07/1999,19.6,,Perth Zoo
544,18/07/1999,20.2,,Perth Zoo
544,18/07/1999,20.2,,Perth Zoo
544,21/07/1999,19.4,43.3,EB
544,26/11/1999,38.5,57.9,EB
544,4/11/2000,61,68,EB
544,26/11/2001,82,76.8,EB
544,19/11/2003,118,87.4,EB
544,14/11/2004,137,90.8,EB
544,28/05/2005,129,91,EB
544,2/12/2005,180,100.1,EB
544,2/07/2006,175,100.4,EB
550,27/04/1999,6.7,29,Perth Zoo
550,27/04/1999,6.7,,Perth Zoo
550,3/05/1999,6.5,,Perth Zoo
550,10/05/1999,8.2,,Perth Zoo
550,17/05/1999,9,,Perth Zoo
550,24/05/1999,11.2,,Perth Zoo
550,31/05/1999,12.7,,Perth Zoo
550,14/06/1999,14.2,,Perth Zoo
550,28/06/1999,15.8,,Perth Zoo
550,5/07/1999,16.7,,Perth Zoo
550,5/07/1999,16.7,,Perth Zoo
550,12/07/1999,16.5,,Perth Zoo
550,18/07/1999,17.2,,Perth Zoo
550,18/07/1999,17.2,,Perth Zoo
550,21/07/1999,16.7,40.7,EB
550,20/07/2000,40,58.8,EB
550,18/11/2008,203,109,EB
550,3/07/2009,195,109.1,EB
550,8/10/2010,218,111.4,EB
553,16/11/1999,104,85.9,EB
553,23/10/2000,111,89.2,EB
553,24/10/2000,111,89.2,EB
553,24/10/2000,111,,Perth Zoo
553,23/11/2000,117.6,,Perth Zoo
553,3/01/2001,113.2,,Perth Zoo
553,9/05/2001,107.2,,Perth Zoo
553,18/06/2001,120.9,90,Perth Zoo
553,18/06/2001,120.9,,Perth Zoo
553,22/07/2001,120.1,,Perth Zoo
553,19/08/2001,122.7,,Perth Zoo
553,23/09/2001,124.3,,Perth Zoo
553,15/10/2001,134.8,,Perth Zoo
553,16/11/2001,153.7,,Perth Zoo
553,26/12/2001,181.3,,Perth Zoo
553,20/05/2002,163.1,,Perth Zoo
553,23/06/2002,166.1,104,Perth Zoo
553,23/06/2002,166.1,,Perth Zoo
553,23/07/2002,165.4,,Perth Zoo
553,23/08/2002,175.3,,Perth Zoo
553,24/09/2002,178.9,,Perth Zoo
553,22/10/2002,188.6,,Perth Zoo
553,22/11/2002,213.9,,Perth Zoo
553,19/12/2002,235,,Perth Zoo
553,8/01/2003,242.7,,Perth Zoo
553,15/05/2003,218.6,,Perth Zoo
553,13/07/2003,243.6,116.4,Perth Zoo
553,16/07/2003,250,,Perth Zoo
553,3/09/2003,255.8,,Perth Zoo
553,6/09/2003,255.8,,Perth Zoo
553,2/10/2003,253.1,,Perth Zoo
553,25/10/2003,269.4,,Perth Zoo
553,4/07/2004,289,123.1,Perth Zoo
553,11/09/2004,297.9,,Perth Zoo
553,9/06/2005,284.5,,Perth Zoo
553,12/07/2005,309.1,,Perth Zoo
553,19/12/2005,341.4,,Perth Zoo
553,19/06/2006,305,,Perth Zoo
553,23/07/2006,332.7,130.4,Perth Zoo
553,23/07/2006,332.7,,Perth Zoo
553,28/07/2006,332.7,130.4,EB
553,28/07/2006,336.7,,Perth Zoo
553,29/09/2006,344.4,130.4,EB
553,29/10/2006,342,,EB
555,24/11/1999,22,49.7,EB
555,29/10/2001,59,68.6,EB
555,14/11/2001,57,,EB
555,20/11/2001,57,,EB
555,29/08/2003,80,77.7,EB
555,10/11/2003,96,85.1,EB
555,29/06/2004,90,85.3,EB
555,13/06/2005,104,87.6,EB
580,26/04/2000,5.7,27.1,Perth Zoo
580,26/04/2000,5.7,,Perth Zoo
580,4/05/2000,6.6,,Perth Zoo
580,12/05/2000,8.4,,Perth Zoo
580,18/05/2000,8.6,,Perth Zoo
580,25/05/2000,10.7,,Perth Zoo
580,1/06/2000,11.7,,Perth Zoo
580,8/06/2000,12.1,,Perth Zoo
580,15/06/2000,12.8,,Perth Zoo
580,29/06/2000,16.1,41,Perth Zoo
580,29/06/2000,16.1,,Perth Zoo
580,13/07/2000,18.7,,Perth Zoo
580,19/07/2000,19,43.1,Perth Zoo
580,19/07/2000,19,,Perth Zoo
580,20/07/2000,19,43.1,EB
580,4/11/2000,37.5,59,EB
580,25/06/2001,34.5,59,EB
580,26/11/2001,55,68.5,EB
580,26/11/2003,104,84.4,EB
580,8/11/2004,118,87.4,EB
580,28/05/2005,102,87.5,EB
580,8/08/2009,,107.4,EB
588,30/06/2000,28.5,54.1,EB
588,23/10/2000,50.5,65.7,EB
588,11/11/2001,67,73,EB
588,10/11/2003,99,83.9,EB
588,25/11/2005,149,96.3,EB
588,2/07/2006,138,96.7,EB
588,8/10/2010,188,107.1,EB
589,23/10/2000,25.5,49.5,EB
589,22/11/2007,188,104.9,EB
591,23/10/2000,28,50.6,EB
591,4/12/2001,45.5,72,EB
591,22/11/2007,196,108.3,EB
591,14/11/2008,207,109.2,EB
591,3/07/2009,194,109.9,EB
591,19/10/2010,224,112.4,EB
591,8/07/2011,213,112.3,EB
592,23/10/2000,112,86.1,EB
592,24/10/2000,112,86.1,EB
592,24/10/2000,112,,Perth Zoo
592,23/11/2000,109.3,,Perth Zoo
592,3/01/2001,106.6,,Perth Zoo
592,9/05/2001,103.5,,Perth Zoo
592,18/06/2001,108.2,86.7,Perth Zoo
592,18/06/2001,108.2,,Perth Zoo
592,22/07/2001,105.6,,Perth Zoo
592,19/08/2001,102.9,,Perth Zoo
592,23/09/2001,104.4,,Perth Zoo
592,15/10/2001,104.7,,Perth Zoo
592,16/11/2001,105.4,,Perth Zoo
592,26/12/2001,107,,Perth Zoo
592,20/05/2002,100.9,,Perth Zoo
592,24/06/2002,108.6,86.6,Perth Zoo
592,24/06/2002,108.6,,Perth Zoo
592,25/07/2002,111.3,,Perth Zoo
592,24/08/2002,111.3,,Perth Zoo
592,25/09/2002,115.1,,Perth Zoo
592,24/10/2002,114.5,,Perth Zoo
592,24/11/2002,127.5,,Perth Zoo
592,21/12/2002,137.7,,Perth Zoo
592,9/01/2003,144.1,,Perth Zoo
592,15/05/2003,131.2,,Perth Zoo
592,16/07/2003,140.7,95.2,Perth Zoo
592,16/07/2003,140.7,,Perth Zoo
592,14/08/2003,145.1,,Perth Zoo
592,14/09/2003,148.4,,Perth Zoo
592,18/10/2003,154,,Perth Zoo
592,21/11/2003,173.4,,Perth Zoo
592,7/01/2004,206,,Perth Zoo
592,28/05/2004,186.2,,Perth Zoo
592,7/07/2004,202.2,107.7,Perth Zoo
592,7/07/2004,202.2,,Perth Zoo
592,4/09/2004,224.5,,Perth Zoo
592,2/10/2004,238.2,,Perth Zoo
592,4/10/2004,235.5,,Perth Zoo
592,16/10/2004,242.7,,Perth Zoo
592,9/06/2005,224,,Perth Zoo
592,17/07/2005,251.7,,Perth Zoo
592,11/08/2005,257.8,,Perth Zoo
592,19/12/2005,269.1,,Perth Zoo
592,19/06/2006,244.6,,Perth Zoo
592,23/07/2006,265.5,119.1,Perth Zoo
592,23/07/2006,265.5,,Perth Zoo
592,28/07/2006,265.5,119.1,EB
592,28/07/2006,275.8,,Perth Zoo
592,29/09/2006,278.2,120,EB
592,29/10/2006,265,,EB
593,23/10/2000,46.5,62.9,EB
593,24/10/2000,46.5,62.9,EB
593,24/10/2000,46.5,,Perth Zoo
593,8/11/2000,48.7,,Perth Zoo
593,22/11/2000,47.5,,Perth Zoo
593,3/01/2001,45.8,,Perth Zoo
593,5/05/2001,35.8,,Perth Zoo
593,9/06/2001,52.3,64.2,Perth Zoo
593,9/06/2001,52.3,,Perth Zoo
593,15/07/2001,57.5,,Perth Zoo
593,11/08/2001,56.8,,Perth Zoo
593,9/09/2001,57.4,,Perth Zoo
593,10/10/2001,60.5,,Perth Zoo
593,10/11/2001,65.5,,Perth Zoo
593,12/12/2001,71.3,,Perth Zoo
593,1/01/2002,70.6,,Perth Zoo
593,11/05/2002,67.8,,Perth Zoo
593,10/06/2002,68.8,73,Perth Zoo
593,10/06/2002,68.8,,Perth Zoo
593,14/07/2002,68.9,,Perth Zoo
593,13/08/2002,68.6,,Perth Zoo
593,15/09/2002,73.3,,Perth Zoo
593,12/10/2002,71.7,,Perth Zoo
593,15/12/2002,74.5,,Perth Zoo
593,8/01/2003,74.6,,Perth Zoo
593,14/05/2003,67.2,,Perth Zoo
593,21/06/2003,73.8,74.2,Perth Zoo
593,21/06/2003,73.8,,Perth Zoo
593,2/08/2003,72.3,,Perth Zoo
593,4/09/2003,74.3,,Perth Zoo
593,1/12/2003,72.4,,Perth Zoo
593,7/01/2004,93.2,,Perth Zoo
593,27/05/2004,87.3,,Perth Zoo
593,4/07/2004,86.6,79,Perth Zoo
593,4/07/2004,86.6,,Perth Zoo
593,28/07/2004,88.2,,Perth Zoo
593,30/08/2004,88.5,,Perth Zoo
593,28/09/2004,90.2,,Perth Zoo
593,29/10/2004,92.9,,Perth Zoo
593,29/11/2004,98.7,,Perth Zoo
593,1/01/2005,104.9,,Perth Zoo
593,8/01/2005,103.9,,Perth Zoo
593,29/05/2005,95.5,,Perth Zoo
593,28/08/2005,101.1,,Perth Zoo
593,25/09/2005,104.8,,Perth Zoo
593,23/10/2005,106,,Perth Zoo
593,27/11/2005,111.9,,Perth Zoo
593,25/12/2005,116.6,,Perth Zoo
593,30/05/2006,112.5,,Perth Zoo
593,23/07/2006,109.3,86.6,Perth Zoo
593,23/07/2006,109.3,,Perth Zoo
593,28/07/2006,108.5,86.6,EB
593,28/07/2006,114.6,,Perth Zoo
594,26/10/2000,47.5,63.7,EB
594,27/10/2000,47.5,63.7,EB
594,27/10/2000,47.5,,Perth Zoo
594,8/11/2000,44.5,,Perth Zoo
594,22/11/2000,45.8,,Perth Zoo
594,3/01/2001,46.6,,Perth Zoo
594,5/05/2001,37.5,,Perth Zoo
594,9/06/2001,54,65.8,Perth Zoo
594,9/06/2001,54,,Perth Zoo
594,15/07/2001,58.1,,Perth Zoo
594,11/08/2001,56.7,,Perth Zoo
594,9/09/2001,58.4,,Perth Zoo
594,10/10/2001,61.6,,Perth Zoo
594,10/11/2001,64,,Perth Zoo
594,12/12/2001,61.8,,Perth Zoo
594,1/01/2002,63,,Perth Zoo
594,11/05/2002,59.1,,Perth Zoo
594,10/06/2002,61.3,70.9,Perth Zoo
594,10/06/2002,61.3,,Perth Zoo
594,14/07/2002,62.6,,Perth Zoo
594,13/08/2002,63.4,,Perth Zoo
594,15/09/2002,67.9,,Perth Zoo
594,12/10/2002,69.4,,Perth Zoo
594,12/11/2002,78.6,,Perth Zoo
594,8/01/2003,81.9,,Perth Zoo
594,14/05/2003,75.8,,Perth Zoo
594,21/06/2003,80.7,77.6,Perth Zoo
594,21/06/2003,80.7,,Perth Zoo
594,2/08/2003,82.3,,Perth Zoo
594,4/09/2003,81.6,,Perth Zoo
594,8/10/2003,83.3,,Perth Zoo
594,5/11/2003,88.3,,Perth Zoo
594,1/12/2003,96.4,,Perth Zoo
594,8/01/2004,96.1,,Perth Zoo
594,27/05/2004,88.9,,Perth Zoo
594,4/07/2004,94.7,82.8,Perth Zoo
594,4/07/2004,94.7,,Perth Zoo
594,28/07/2004,94.3,,Perth Zoo
594,30/08/2004,96.5,,Perth Zoo
594,28/09/2004,98.4,,Perth Zoo
594,29/10/2004,99.6,,Perth Zoo
594,29/11/2004,107,,Perth Zoo
594,1/01/2005,111.5,,Perth Zoo
594,8/01/2005,113,,Perth Zoo
594,29/05/2005,104.7,,Perth Zoo
594,28/08/2005,109.4,,Perth Zoo
594,25/09/2005,111.4,,Perth Zoo
594,23/10/2005,111.3,,Perth Zoo
594,26/11/2005,123.6,,Perth Zoo
594,25/12/2005,123,,Perth Zoo
594,30/05/2006,113.9,,Perth Zoo
594,23/07/2006,118.7,90.6,Perth Zoo
594,23/07/2006,118.7,,Perth Zoo
594,28/07/2006,118.6,90.6,EB
594,28/07/2006,126.4,,Perth Zoo
598,24/03/2001,6.3,29.1,Perth Zoo
598,28/03/2001,7,,Perth Zoo
598,4/04/2001,8.6,,Perth Zoo
598,11/04/2001,10,,Perth Zoo
598,18/04/2001,10.9,,Perth Zoo
598,25/04/2001,12.9,,Perth Zoo
598,2/05/2001,15.3,,Perth Zoo
598,9/05/2001,17.1,,Perth Zoo
598,16/05/2001,18.3,,Perth Zoo
598,23/05/2001,20.2,,Perth Zoo
598,30/05/2001,21.2,,Perth Zoo
598,6/06/2001,22.8,,Perth Zoo
598,13/06/2001,23.4,,Perth Zoo
598,27/06/2001,25.9,,Perth Zoo
598,11/07/2001,28.7,,Perth Zoo
598,25/07/2001,31,,Perth Zoo
598,13/08/2001,33.2,52.1,Perth Zoo
598,15/08/2001,32.4,,Perth Zoo
598,23/08/2001,32.7,,Perth Zoo
598,24/08/2001,32.7,53,EB
598,26/11/2001,50,63.5,EB
598,21/11/2004,95.5,80.3,EB
598,28/05/2005,88,80.7,EB
602,5/04/2001,6.3,29.1,Perth Zoo
602,11/04/2001,7.8,,Perth Zoo
602,18/04/2001,8.7,,Perth Zoo
602,25/04/2001,10.9,,Perth Zoo
602,2/05/2001,12.9,,Perth Zoo
602,9/05/2001,15.6,,Perth Zoo
602,16/05/2001,17.3,,Perth Zoo
602,23/05/2001,19.6,,Perth Zoo
602,30/05/2001,22.2,,Perth Zoo
602,6/06/2001,24.3,,Perth Zoo
602,13/06/2001,26.2,,Perth Zoo
602,27/06/2001,29.7,,Perth Zoo
602,11/07/2001,33.4,,Perth Zoo
602,25/07/2001,36.5,,Perth Zoo
602,13/08/2001,39.9,56.9,Perth Zoo
602,15/08/2001,39.4,,Perth Zoo
602,23/08/2001,40,,Perth Zoo
602,24/08/2001,40,56.2,EB
602,25/12/2005,132.5,94,EB
603,5/04/2001,6.2,28.8,Perth Zoo
603,11/04/2001,6.5,,Perth Zoo
603,18/04/2001,7.6,,Perth Zoo
603,25/04/2001,8.9,,Perth Zoo
603,2/05/2001,10.5,,Perth Zoo
603,9/05/2001,12.2,,Perth Zoo
603,16/05/2001,13.5,,Perth Zoo
603,23/05/2001,15.5,,Perth Zoo
603,30/05/2001,16.9,,Perth Zoo
603,6/06/2001,18.8,,Perth Zoo
603,13/06/2001,19.8,,Perth Zoo
603,27/06/2001,21.9,,Perth Zoo
603,11/07/2001,25,,Perth Zoo
603,25/07/2001,26.1,,Perth Zoo
603,13/08/2001,27.3,50.5,Perth Zoo
603,15/08/2001,27.2,,Perth Zoo
603,23/08/2001,27.3,,Perth Zoo
603,24/08/2001,27.3,50.4,EB
603,26/11/2001,41.7,61,EB
603,23/11/2005,119.5,88.7,EB
603,2/07/2006,109.5,88.2,EB
606,5/04/2001,6.3,28.7,Perth Zoo
606,11/04/2001,7.1,,Perth Zoo
606,18/04/2001,8.4,,Perth Zoo
606,25/04/2001,10.5,,Perth Zoo
606,2/05/2001,11.7,,Perth Zoo
606,9/05/2001,13.6,,Perth Zoo
606,16/05/2001,15,,Perth Zoo
606,23/05/2001,16.9,,Perth Zoo
606,30/05/2001,18.1,,Perth Zoo
606,6/06/2001,19.5,,Perth Zoo
606,13/06/2001,20.7,,Perth Zoo
606,27/06/2001,23,,Perth Zoo
606,11/07/2001,25.7,,Perth Zoo
606,25/07/2001,26.5,,Perth Zoo
606,5/08/2001,,51.1,Perth Zoo
606,5/08/2001,28.4,,Perth Zoo
606,15/08/2001,29.4,,Perth Zoo
606,23/08/2001,30,,Perth Zoo
606,24/08/2001,30,52.7,EB
606,26/11/2001,49,65.1,EB
606,25/11/2003,109.5,87.6,EB
609,6/04/2001,6.1,28.4,Perth Zoo
609,11/04/2001,6.7,,Perth Zoo
609,18/04/2001,7.6,,Perth Zoo
609,25/04/2001,9.5,,Perth Zoo
609,2/05/2001,11.1,,Perth Zoo
609,9/05/2001,13,,Perth Zoo
609,16/05/2001,14.3,,Perth Zoo
609,23/05/2001,16.3,,Perth Zoo
609,30/05/2001,17.9,,Perth Zoo
609,6/06/2001,19.3,,Perth Zoo
609,13/06/2001,20.4,,Perth Zoo
609,27/06/2001,23.2,,Perth Zoo
609,11/07/2001,26.3,,Perth Zoo
609,25/07/2001,27.8,,Perth Zoo
609,5/08/2001,,51.9,Perth Zoo
609,5/08/2001,29.1,,Perth Zoo
609,15/08/2001,30.7,,Perth Zoo
609,23/08/2001,31.7,,Perth Zoo
609,24/08/2001,31.7,53.1,EB
609,21/11/2004,110.5,85.3,EB
609,28/05/2005,98,86,EB
609,7/12/2005,148,93.8,EB
609,2/07/2006,136,94,EB
617,8/04/2001,5.4,26,Perth Zoo
617,19/04/2001,7,,Perth Zoo
617,26/04/2001,8.4,,Perth Zoo
617,3/05/2001,10.4,,Perth Zoo
617,10/05/2001,12.4,,Perth Zoo
617,17/05/2001,13.4,,Perth Zoo
617,24/05/2001,14.6,,Perth Zoo
617,31/05/2001,15.9,,Perth Zoo
617,7/06/2001,16.6,,Perth Zoo
617,14/06/2001,17.8,,Perth Zoo
617,28/06/2001,19,,Perth Zoo
617,12/07/2001,20.4,,Perth Zoo
617,26/07/2001,21,,Perth Zoo
617,13/08/2001,23.4,46.6,Perth Zoo
617,16/08/2001,22.6,,Perth Zoo
617,24/08/2001,23.3,47.2,EB
617,1/09/2001,25.8,,Perth Zoo
617,26/11/2001,38,59.5,EB
617,8/11/2004,92.5,79.8,EB
639,6/11/2001,124,86.2,EB
639,6/11/2001,124,86.2,EB
639,16/11/2001,115.8,,Perth Zoo
639,26/12/2001,113.7,,Perth Zoo
639,20/05/2002,110.6,,Perth Zoo
639,24/06/2002,113,86.6,Perth Zoo
639,24/06/2002,113,,Perth Zoo
639,25/07/2002,114.1,,Perth Zoo
639,24/08/2002,113.6,,Perth Zoo
639,25/09/2002,114.6,,Perth Zoo
639,24/10/2002,115.3,,Perth Zoo
639,24/11/2002,118.2,,Perth Zoo
639,21/12/2002,122.6,,Perth Zoo
639,9/01/2003,115.6,,Perth Zoo
639,15/05/2003,109.8,,Perth Zoo
639,16/07/2003,110,86.5,Perth Zoo
639,16/07/2003,110,,Perth Zoo
639,14/08/2003,114,,Perth Zoo
639,14/09/2003,116.4,,Perth Zoo
639,18/10/2003,117.4,,Perth Zoo
639,21/11/2003,118.7,,Perth Zoo
639,7/01/2004,112.1,,Perth Zoo
639,28/05/2004,112.7,,Perth Zoo
639,7/07/2004,119.6,86.8,Perth Zoo
639,7/07/2004,119.6,,Perth Zoo
639,4/08/2004,124,,Perth Zoo
639,6/09/2004,118.5,,Perth Zoo
639,4/10/2004,124.3,,Perth Zoo
639,1/11/2004,125.1,,Perth Zoo
639,1/12/2004,125,,Perth Zoo
639,4/01/2005,125.2,,Perth Zoo
639,29/05/2005,117.2,,Perth Zoo
639,10/07/2005,119,,Perth Zoo
639,27/07/2005,115.2,,Perth Zoo
639,27/08/2005,119.3,,Perth Zoo
639,24/09/2005,124.5,,Perth Zoo
639,22/10/2005,126,,Perth Zoo
639,27/12/2005,121.5,,Perth Zoo
639,22/05/2006,115.6,,Perth Zoo
639,23/07/2006,117.7,86.7,Perth Zoo
639,23/07/2006,117.7,,Perth Zoo
639,28/07/2006,117.6,86.7,EB
639,28/07/2006,126.9,,Perth Zoo
639,29/09/2006,129.2,87.2,EB
640,14/11/2001,134.5,92.8,EB
640,15/11/2001,121.2,92.6,EB
640,26/12/2001,127.8,,Perth Zoo
640,31/12/2001,122.7,,Perth Zoo
640,2/01/2002,121.6,,Perth Zoo
640,20/05/2002,118.9,,Perth Zoo
640,24/06/2002,119.2,93.2,Perth Zoo
640,24/06/2002,119.2,,Perth Zoo
640,25/07/2002,119.4,,Perth Zoo
640,24/08/2002,125.5,,Perth Zoo
640,25/09/2002,125.8,,Perth Zoo
640,24/10/2002,125.4,,Perth Zoo
640,24/11/2002,130.8,,Perth Zoo
640,21/12/2002,131.5,,Perth Zoo
640,9/01/2003,128.5,,Perth Zoo
640,15/05/2003,124.7,,Perth Zoo
640,16/07/2003,124.1,93.2,Perth Zoo
640,16/07/2003,124.1,,Perth Zoo
640,14/08/2003,130.4,,Perth Zoo
640,14/09/2003,132.1,,Perth Zoo
640,18/10/2003,133.6,,Perth Zoo
640,21/11/2003,133.5,,Perth Zoo
640,7/01/2004,126.6,,Perth Zoo
640,28/05/2004,126.9,,Perth Zoo
640,7/07/2004,127.6,93.3,Perth Zoo
640,7/07/2004,127.6,,Perth Zoo
640,4/08/2004,131.2,,Perth Zoo
640,6/09/2004,136,,Perth Zoo
640,4/10/2004,141.1,,Perth Zoo
640,1/11/2004,150.6,,Perth Zoo
640,1/12/2004,172.3,,Perth Zoo
640,4/01/2005,194.2,,Perth Zoo
640,29/05/2005,172.6,,Perth Zoo
640,10/07/2005,191.9,,Perth Zoo
640,25/08/2005,190.9,,Perth Zoo
640,23/09/2005,194.7,,Perth Zoo
640,21/10/2005,200.3,,Perth Zoo
640,17/11/2005,205.5,,Perth Zoo
640,20/12/2005,220.3,,Perth Zoo
640,30/05/2006,202,,Perth Zoo
640,23/07/2006,217.5,110.2,Perth Zoo
640,23/07/2006,217.5,,Perth Zoo
640,28/07/2006,217.5,110.2,EB
640,28/07/2006,226.8,,Perth Zoo
640,29/09/2006,237,112.4,EB
640,29/10/2006,231,,EB
640,3/08/2007,221,112.7,EB
640,18/11/2008,276,119.8,EB
640,8/10/2010,294,122,EB
640,19/10/2010,289,,EB
651,7/04/2002,6.6,28.5,Perth Zoo
651,18/04/2002,8.1,,Perth Zoo
651,25/04/2002,9.6,,Perth Zoo
651,9/05/2002,12.7,,Perth Zoo
651,16/05/2002,14,,Perth Zoo
651,30/05/2002,15.6,,Perth Zoo
651,13/06/2002,17.8,,Perth Zoo
651,27/06/2002,20.9,,Perth Zoo
651,17/07/2002,22.5,,Perth Zoo
651,2/07/2006,156,98.5,EB
651,19/10/2008,228,107.8,EB
651,4/08/2010,265,121.9,EB
652,7/04/2002,6.4,28.8,Perth Zoo
652,18/04/2002,8.2,,Perth Zoo
652,25/04/2002,10.1,,Perth Zoo
652,9/05/2002,14.2,,Perth Zoo
652,16/05/2002,16.5,,Perth Zoo
652,30/05/2002,19.9,,Perth Zoo
652,13/06/2002,23.6,,Perth Zoo
652,27/06/2002,27.1,,Perth Zoo
652,17/07/2002,28.7,,Perth Zoo
652,25/11/2003,76,75.1,EB
652,21/11/2004,98.5,81,EB
652,13/06/2005,83,81.6,EB
654,7/04/2002,6.7,29.9,Perth Zoo
654,18/04/2002,8.7,,Perth Zoo
654,25/04/2002,10,,Perth Zoo
654,9/05/2002,14,,Perth Zoo
654,16/05/2002,16.5,,Perth Zoo
654,30/05/2002,20.2,,Perth Zoo
654,13/06/2002,24.1,,Perth Zoo
654,27/06/2002,27.8,,Perth Zoo
654,7/12/2005,125.5,91.6,EB
654,2/07/2006,114,92,EB
654,14/11/2008,186.5,106.9,EB
654,3/07/2009,174.5,107,EB
654,21/11/2009,223,113.9,EB
654,19/10/2010,223,113.4,EB
659,10/04/2002,6.3,29,Perth Zoo
659,19/04/2002,7.6,,Perth Zoo
659,10/05/2002,13.6,,Perth Zoo
659,17/05/2002,15.6,,Perth Zoo
659,31/05/2002,19.5,,Perth Zoo
659,14/06/2002,23.2,,Perth Zoo
659,28/06/2002,27.2,,Perth Zoo
659,14/11/2008,215,107.4,EB
659,3/07/2009,196,107.9,EB
659,26/04/02/,9.1,,Perth Zoo
673,19/04/2002,6.2,28.2,Perth Zoo
673,4/05/2002,8.4,,Perth Zoo
673,11/05/2002,9.4,,Perth Zoo
673,18/05/2002,10.2,,Perth Zoo
673,1/06/2002,12.5,,Perth Zoo
673,15/06/2002,14,,Perth Zoo
673,29/06/2002,15.5,,Perth Zoo
673,25/11/2003,52,66.4,EB
687,9/02/2003,6.4,29.3,Perth Zoo
687,16/02/2003,9,,Perth Zoo
687,24/02/2003,11.7,,Perth Zoo
687,1/03/2003,13.9,,Perth Zoo
687,9/03/2003,16.4,,Perth Zoo
687,15/03/2003,20.3,,Perth Zoo
687,22/03/2003,23,,Perth Zoo
687,29/03/2003,24.2,,Perth Zoo
687,5/04/2003,24.2,,Perth Zoo
687,12/04/2003,24.3,,Perth Zoo
687,24/04/2003,24,,Perth Zoo
687,5/05/2003,24.6,,Perth Zoo
687,24/05/2003,27.9,,Perth Zoo
687,7/06/2003,28.9,,Perth Zoo
687,22/06/2003,28.5,,Perth Zoo
687,11/07/2003,32.4,,Perth Zoo
687,26/07/2003,32.7,,Perth Zoo
687,31/07/2003,31.6,,Perth Zoo
687,11/08/2003,34.7,,Perth Zoo
687,24/08/2003,36.4,,Perth Zoo
687,31/08/2003,38.7,,Perth Zoo
687,1/09/2003,38.7,55.4,EB
687,18/12/2006,,73.4,EB
688,11/02/2003,4.8,26.1,Perth Zoo
688,24/02/2003,8.4,,Perth Zoo
688,1/03/2003,10.8,,Perth Zoo
688,9/03/2003,14,,Perth Zoo
688,15/03/2003,17.2,,Perth Zoo
688,22/03/2003,19,,Perth Zoo
688,29/03/2003,20.3,,Perth Zoo
688,5/04/2003,20.2,,Perth Zoo
688,12/04/2003,22.1,,Perth Zoo
688,24/04/2003,21.7,,Perth Zoo
688,5/05/2003,22.8,,Perth Zoo
688,24/05/2003,26.9,,Perth Zoo
688,7/06/2003,28.6,,Perth Zoo
688,22/06/2003,28.2,,Perth Zoo
688,11/07/2003,30.1,,Perth Zoo
688,26/07/2003,31.6,,Perth Zoo
688,30/07/2003,30.8,,Perth Zoo
688,11/08/2003,34.9,,Perth Zoo
688,24/08/2003,37.1,,Perth Zoo
688,31/08/2003,39,,Perth Zoo
688,1/09/2003,39,56.7,EB
688,25/10/2003,48,64.2,EB
689,8/10/2010,199.5,106.7,EB
694,3/04/2003,5,26.2,Perth Zoo
694,5/04/2003,5.6,,Perth Zoo
694,12/04/2003,7.4,,Perth Zoo
694,24/04/2003,8.9,,Perth Zoo
694,5/05/2003,10.9,,Perth Zoo
694,24/05/2003,16.7,,Perth Zoo
694,7/06/2003,19.4,,Perth Zoo
694,22/06/2003,20.3,,Perth Zoo
694,11/07/2003,23.3,,Perth Zoo
694,26/07/2003,25.7,,Perth Zoo
694,30/07/2003,25,,Perth Zoo
694,11/08/2003,29.3,,Perth Zoo
694,24/08/2003,31.7,,Perth Zoo
694,31/08/2003,33.5,,Perth Zoo
694,1/09/2003,33.5,52.7,EB
695,4/04/2003,5.9,27.3,Perth Zoo
695,5/04/2003,6.1,,Perth Zoo
695,12/04/2003,7.9,,Perth Zoo
695,24/04/2003,9.6,,Perth Zoo
695,5/05/2003,12.5,,Perth Zoo
695,24/05/2003,19.5,,Perth Zoo
695,7/06/2003,22.8,,Perth Zoo
695,22/06/2003,23.3,,Perth Zoo
695,11/07/2003,26.2,,Perth Zoo
695,26/07/2003,27.5,,Perth Zoo
695,30/07/2003,27.9,,Perth Zoo
695,11/08/2003,30,,Perth Zoo
695,24/08/2003,32.4,,Perth Zoo
695,31/08/2003,34.2,,Perth Zoo
695,1/09/2003,34.2,52.2,EB
695,25/10/2003,42.5,60,EB
695,8/11/2004,60.5,68,EB
696,10/04/2003,6.1,28,Perth Zoo
696,12/04/2003,6.5,,Perth Zoo
696,24/04/2003,8.9,,Perth Zoo
696,5/05/2003,12.8,,Perth Zoo
696,24/05/2003,20.7,,Perth Zoo
696,7/06/2003,24.6,,Perth Zoo
696,22/06/2003,26.1,,Perth Zoo
696,11/07/2003,30.2,,Perth Zoo
696,26/07/2003,33,,Perth Zoo
696,30/07/2003,32.1,,Perth Zoo
696,11/08/2003,35.8,,Perth Zoo
696,24/08/2003,38.3,,Perth Zoo
696,31/08/2003,40.9,,Perth Zoo
696,1/09/2003,40.9,56.1,EB
696,25/10/2003,48,63.2,EB
729,5/11/2003,23.2,47.2,EB
732,27/02/2004,5.4,27.1,Perth Zoo
732,5/03/2004,6.1,,Perth Zoo
732,14/03/2004,7.6,,Perth Zoo
732,22/03/2004,9.6,,Perth Zoo
732,31/03/2004,11.6,,Perth Zoo
732,10/04/2004,13.9,,Perth Zoo
732,17/04/2004,15.5,,Perth Zoo
732,24/04/2004,15.4,,Perth Zoo
732,1/05/2004,15,,Perth Zoo
732,8/05/2004,16.2,,Perth Zoo
732,15/05/2004,16.1,,Perth Zoo
732,29/05/2004,16.4,,Perth Zoo
732,14/06/2004,16.9,,Perth Zoo
732,26/06/2004,18.1,,Perth Zoo
732,8/07/2004,20.4,,Perth Zoo
732,10/07/2004,19.1,,Perth Zoo
732,24/07/2004,21.4,,Perth Zoo
732,7/08/2004,23.9,,Perth Zoo
732,17/08/2004,26.5,48.8,Perth Zoo
732,18/08/2004,26.5,48.8,EB
732,8/11/2004,34,57.9,EB
732,14/11/2004,38.5,57.9,EB
732,23/11/2005,76.5,74.2,EB
732,18/10/2007,105,82.5,EB
735,24/03/2004,6,28.3,Perth Zoo
735,31/03/2004,7.4,,Perth Zoo
735,10/04/2004,9.2,,Perth Zoo
735,17/04/2004,13.6,,Perth Zoo
735,24/04/2004,15.7,,Perth Zoo
735,1/05/2004,17.8,,Perth Zoo
735,8/05/2004,20,,Perth Zoo
735,15/05/2004,21.7,,Perth Zoo
735,29/05/2004,22.8,,Perth Zoo
735,14/06/2004,23.5,,Perth Zoo
735,26/06/2004,25.2,,Perth Zoo
735,8/07/2004,27.7,,Perth Zoo
735,10/07/2004,26.9,,Perth Zoo
735,24/07/2004,28.6,,Perth Zoo
735,7/08/2004,30.7,,Perth Zoo
735,17/08/2004,33.7,53.3,Perth Zoo
735,18/08/2004,33.7,53.3,EB
735,8/11/2004,45,61.5,EB
735,2/12/2005,93.5,80,EB
745,2/04/2004,6.1,28.1,Perth Zoo
745,11/04/2004,7.4,,Perth Zoo
745,18/04/2004,9.3,,Perth Zoo
745,25/04/2004,9.8,,Perth Zoo
745,2/05/2004,11.2,,Perth Zoo
745,8/05/2004,11.9,,Perth Zoo
745,15/05/2004,12.3,,Perth Zoo
745,29/05/2004,13.1,,Perth Zoo
745,14/06/2004,14,,Perth Zoo
745,26/06/2004,15.4,,Perth Zoo
745,8/07/2004,17.7,,Perth Zoo
745,10/07/2004,16.8,,Perth Zoo
745,24/07/2004,18.9,,Perth Zoo
745,7/08/2004,20.3,,Perth Zoo
745,17/08/2004,21.8,45.7,Perth Zoo
745,18/08/2004,21.8,45.7,EB
745,8/11/2004,30.6,53.7,EB
777,4/07/2004,6.3,28.1,EB
777,29/10/2006,69,73.4,EB
777,8/10/2010,150,95.3,EB
778,28/10/2004,17,41.4,EB
779,28/10/2004,22.7,47.2,EB
780,28/10/2004,24.6,48.4,EB
781,28/10/2004,34.6,55.4,EB
781,3/11/2004,33.2,,EB
782,3/11/2004,72.5,75.9,EB
783,3/11/2004,23.5,49,EB
784,3/11/2004,19.7,46.2,EB
785,3/11/2004,17.5,42.3,EB
786,3/11/2004,23,47.2,EB
787,3/11/2004,14.3,40.5,EB
788,8/11/2004,44,59.1,EB
788,18/11/2008,167,97.4,EB
788,3/07/2009,142.5,97.7,EB
788,8/10/2010,190.5,102.9,EB
789,14/11/2004,47.2,61.5,EB
789,2/12/2005,79,74,EB
790,5/03/2005,5.4,28,Perth Zoo
790,12/03/2005,7,,Perth Zoo
790,20/03/2005,10.3,,Perth Zoo
790,27/03/2005,12.4,,Perth Zoo
790,3/04/2005,14.9,,Perth Zoo
790,10/04/2005,17.2,,Perth Zoo
790,18/04/2005,17.8,,Perth Zoo
790,25/04/2005,19.1,,Perth Zoo
790,3/05/2005,21.2,,Perth Zoo
790,9/05/2005,23.7,,Perth Zoo
790,16/05/2005,24.6,,Perth Zoo
790,22/05/2005,25.6,,Perth Zoo
790,30/05/2005,26.8,,Perth Zoo
790,6/06/2005,27.7,,Perth Zoo
790,13/06/2005,28,,Perth Zoo
790,20/06/2005,27.9,,Perth Zoo
790,4/07/2005,29,,Perth Zoo
790,9/07/2005,28.4,51.3,EB
790,9/07/2005,27.7,,Perth Zoo
791,8/03/2005,7,30.1,Perth Zoo
791,15/03/2005,8.8,,Perth Zoo
791,22/03/2005,11.5,,Perth Zoo
791,29/03/2005,13.9,,Perth Zoo
791,5/04/2005,16,,Perth Zoo
791,10/04/2005,18.1,,Perth Zoo
791,18/04/2005,19.2,,Perth Zoo
791,25/04/2005,20.8,,Perth Zoo
791,3/05/2005,22.4,,Perth Zoo
791,9/05/2005,25.2,,Perth Zoo
791,16/05/2005,26.1,,Perth Zoo
791,22/05/2005,28.3,,Perth Zoo
791,30/05/2005,29.5,,Perth Zoo
791,6/06/2005,30.2,,Perth Zoo
791,13/06/2005,30.9,,Perth Zoo
791,20/06/2005,31,,Perth Zoo
791,4/07/2005,32.3,,Perth Zoo
791,9/07/2005,31.5,54.1,EB
791,9/07/2005,31.2,,Perth Zoo
791,23/11/2005,68,73,EB
792,14/03/2005,5.2,28.1,Perth Zoo
792,21/03/2005,6.7,,Perth Zoo
792,28/03/2005,7.7,,Perth Zoo
792,4/04/2005,9.2,,Perth Zoo
792,10/04/2005,10.5,,Perth Zoo
792,18/04/2005,11.3,,Perth Zoo
792,25/04/2005,12.2,,Perth Zoo
792,3/05/2005,13.4,,Perth Zoo
792,9/05/2005,15.4,,Perth Zoo
792,16/05/2005,16.1,,Perth Zoo
792,22/05/2005,17,,Perth Zoo
792,30/05/2005,17.5,,Perth Zoo
792,6/06/2005,17.9,,Perth Zoo
792,13/06/2005,18.3,,Perth Zoo
792,20/06/2005,18.1,,Perth Zoo
792,4/07/2005,19.2,,Perth Zoo
792,9/07/2005,19.1,44.5,EB
792,9/07/2005,18.2,,Perth Zoo
793,21/03/2005,5.5,27.6,Perth Zoo
793,28/03/2005,6.7,,Perth Zoo
793,4/04/2005,8.4,,Perth Zoo
793,10/04/2005,9.6,,Perth Zoo
793,18/04/2005,10.5,,Perth Zoo
793,25/04/2005,11.2,,Perth Zoo
793,3/05/2005,12.5,,Perth Zoo
793,9/05/2005,14.7,,Perth Zoo
793,16/05/2005,15.2,,Perth Zoo
793,22/05/2005,16.4,,Perth Zoo
793,30/05/2005,17.8,,Perth Zoo
793,6/06/2005,18.3,,Perth Zoo
793,13/06/2005,19.2,,Perth Zoo
793,20/06/2005,19.2,,Perth Zoo
793,4/07/2005,20.3,,Perth Zoo
793,9/07/2005,19.9,45.1,EB
793,9/07/2005,19.8,,Perth Zoo
795,28/03/2005,7.3,29.1,Perth Zoo
795,4/04/2005,8,,Perth Zoo
795,10/04/2005,9.3,,Perth Zoo
795,18/04/2005,10.2,,Perth Zoo
795,25/04/2005,11.1,,Perth Zoo
795,3/05/2005,12.9,,Perth Zoo
795,9/05/2005,14.9,,Perth Zoo
795,16/05/2005,15.9,,Perth Zoo
795,22/05/2005,17,,Perth Zoo
795,30/05/2005,18.5,,Perth Zoo
795,6/06/2005,18.8,,Perth Zoo
795,13/06/2005,19.5,,Perth Zoo
795,20/06/2005,19.6,,Perth Zoo
795,4/07/2005,20.7,,Perth Zoo
795,9/07/2005,20.5,44.9,EB
795,9/07/2005,20,,Perth Zoo
795,23/11/2005,54,65.9,EB
797,1/04/2005,6.2,29.4,Perth Zoo
797,8/04/2005,7.7,,Perth Zoo
797,10/04/2005,8,,Perth Zoo
797,18/04/2005,9.2,,Perth Zoo
797,25/04/2005,10.4,,Perth Zoo
797,3/05/2005,11.5,,Perth Zoo
797,9/05/2005,13.2,,Perth Zoo
797,16/05/2005,13.9,,Perth Zoo
797,22/05/2005,14.8,,Perth Zoo
797,30/05/2005,15.9,,Perth Zoo
797,6/06/2005,15.9,,Perth Zoo
797,13/06/2005,16.7,,Perth Zoo
797,20/06/2005,17.2,,Perth Zoo
797,6/07/2005,18.5,,Perth Zoo
797,9/07/2005,18,43.6,EB
797,9/07/2005,17.5,,Perth Zoo
798,2/04/2005,6,28.1,Perth Zoo
798,9/04/2005,7.2,,Perth Zoo
798,18/04/2005,8.3,,Perth Zoo
798,25/04/2005,9.4,,Perth Zoo
798,3/05/2005,10.2,,Perth Zoo
798,9/05/2005,12.1,,Perth Zoo
798,16/05/2005,13.2,,Perth Zoo
798,22/05/2005,14.4,,Perth Zoo
798,30/05/2005,15.1,,Perth Zoo
798,6/06/2005,15.8,,Perth Zoo
798,13/06/2005,16.5,,Perth Zoo
798,20/06/2005,16.8,,Perth Zoo
798,6/07/2005,18,,Perth Zoo
798,9/07/2005,18.2,44.4,EB
798,9/07/2005,17.9,,Perth Zoo
798,9/12/2006,54.5,67.2,EB
800,3/11/2004,15.4,42,EB
801,3/04/2005,6.8,29,Perth Zoo
801,10/04/2005,8.2,,Perth Zoo
801,17/04/2005,10.1,,Perth Zoo
801,24/04/2005,11.3,,Perth Zoo
801,1/05/2005,13,,Perth Zoo
801,8/05/2005,15.5,,Perth Zoo
801,15/05/2005,17.2,,Perth Zoo
801,22/05/2005,18.4,,Perth Zoo
801,29/05/2005,19.4,,Perth Zoo
801,5/06/2005,20,,Perth Zoo
801,12/06/2005,21.2,,Perth Zoo
801,18/06/2005,20.6,,Perth Zoo
801,26/06/2005,20.8,,Perth Zoo
801,5/07/2005,21.9,,Perth Zoo
801,9/07/2005,22.4,47.3,EB
801,9/07/2005,22.5,,Perth Zoo
802,3/04/2005,,29.2,Perth Zoo
802,3/04/2005,6.3,,Perth Zoo
802,10/04/2005,7.6,,Perth Zoo
802,17/04/2005,9.2,,Perth Zoo
802,24/04/2005,9.6,,Perth Zoo
802,1/05/2005,11.1,,Perth Zoo
802,8/05/2005,13.5,,Perth Zoo
802,15/05/2005,15.1,,Perth Zoo
802,22/05/2005,16.4,,Perth Zoo
802,29/05/2005,18.1,,Perth Zoo
802,5/06/2005,18.1,,Perth Zoo
802,12/06/2005,19.6,,Perth Zoo
802,18/06/2005,19.6,,Perth Zoo
802,26/06/2005,20.2,,Perth Zoo
802,5/07/2005,21.6,,Perth Zoo
802,9/07/2005,21.9,47.4,EB
802,9/07/2005,21.8,,Perth Zoo
805,6/04/2005,6,29,Perth Zoo
805,15/04/2005,6.9,,Perth Zoo
805,20/04/2005,8.2,,Perth Zoo
805,1/05/2005,10.2,,Perth Zoo
805,8/05/2005,12.2,,Perth Zoo
805,15/05/2005,13.5,,Perth Zoo
805,22/05/2005,14.9,,Perth Zoo
805,29/05/2005,16.4,,Perth Zoo
805,5/06/2005,16.5,,Perth Zoo
805,12/06/2005,17.2,,Perth Zoo
805,18/06/2005,17.5,,Perth Zoo
805,26/06/2005,17.8,,Perth Zoo
805,5/07/2005,19,,Perth Zoo
805,9/07/2005,19.4,46,EB
805,9/07/2005,18.2,,Perth Zoo
805,23/11/2005,52,66.4,EB
806,6/04/2005,6.6,28.9,Perth Zoo
806,13/04/2005,7.8,,Perth Zoo
806,20/04/2005,9.6,,Perth Zoo
806,1/05/2005,12.3,,Perth Zoo
806,8/05/2005,14.5,,Perth Zoo
806,15/05/2005,15.9,,Perth Zoo
806,22/05/2005,17.6,,Perth Zoo
806,29/05/2005,19,,Perth Zoo
806,5/06/2005,19.4,,Perth Zoo
806,12/06/2005,20.3,,Perth Zoo
806,18/06/2005,20.3,,Perth Zoo
806,26/06/2005,21,,Perth Zoo
806,5/07/2005,22.7,,Perth Zoo
806,9/07/2005,23.1,48,EB
806,9/07/2005,23,,Perth Zoo
806,23/11/2005,56,67.6,EB
808,10/04/2005,5,27.2,Perth Zoo
808,17/04/2005,6.7,,Perth Zoo
808,24/04/2005,8.2,,Perth Zoo
808,1/05/2005,9.8,,Perth Zoo
808,8/05/2005,12.1,,Perth Zoo
808,15/05/2005,13.5,,Perth Zoo
808,22/05/2005,14.6,,Perth Zoo
808,29/05/2005,16.2,,Perth Zoo
808,5/06/2005,16.7,,Perth Zoo
808,12/06/2005,17.6,,Perth Zoo
808,18/06/2005,17.7,,Perth Zoo
808,26/06/2005,18.3,,Perth Zoo
808,5/07/2005,19.1,,Perth Zoo
808,9/07/2005,19.9,44.1,EB
808,9/07/2005,19.2,,Perth Zoo
808,3/11/2006,,69.9,EB
811,11/04/2005,5.8,28,Perth Zoo
811,18/04/2005,6.7,,Perth Zoo
811,26/04/2005,8.4,,Perth Zoo
811,30/04/2005,9,,Perth Zoo
811,7/05/2005,11.2,,Perth Zoo
811,14/05/2005,13.1,,Perth Zoo
811,21/05/2005,14.4,,Perth Zoo
811,28/05/2005,15.3,,Perth Zoo
811,4/06/2005,15.8,,Perth Zoo
811,11/06/2005,16.9,,Perth Zoo
811,18/06/2005,17.2,,Perth Zoo
811,25/06/2005,17.7,,Perth Zoo
811,9/07/2005,19.5,45.8,EB
811,9/07/2005,18.6,,Perth Zoo
811,29/10/2006,62,70.2,EB
865,21/11/2005,56,65.6,EB
865,14/09/2006,59.6,67.5,EB
865,10/11/2006,70,72.1,EB
866,25/11/2005,84.5,77.6,EB
867,28/11/2005,,54.3,EB
874,6/04/2006,5.8,27.5,Perth Zoo
874,15/04/2006,6.5,,Perth Zoo
874,21/04/2006,7.1,,Perth Zoo
874,28/04/2006,7.5,,Perth Zoo
874,4/05/2006,8.2,,Perth Zoo
874,12/05/2006,9.5,,Perth Zoo
874,20/05/2006,10.7,,Perth Zoo
874,27/05/2006,11.3,,Perth Zoo
874,2/06/2006,12.4,,Perth Zoo
874,9/06/2006,12.9,,Perth Zoo
874,16/06/2006,13.5,,Perth Zoo
874,24/06/2006,14.1,,Perth Zoo
874,1/07/2006,15.9,,Perth Zoo
874,8/07/2006,17,,Perth Zoo
874,14/07/2006,18.1,,Perth Zoo
874,21/07/2006,19.5,,Perth Zoo
874,30/07/2006,20.3,,Perth Zoo
874,7/08/2006,21.2,,Perth Zoo
874,13/08/2006,22.9,,Perth Zoo
874,20/08/2006,24.6,,Perth Zoo
874,28/08/2006,26.4,,Perth Zoo
874,3/09/2006,28.1,,Perth Zoo
874,13/09/2006,31.4,,Perth Zoo
874,14/09/2006,31.4,52.1,EB
874,28/10/2006,36.6,58.4,EB
876,6/04/2006,6.1,28.8,Perth Zoo
876,15/04/2006,7,,Perth Zoo
876,21/04/2006,7.6,,Perth Zoo
876,28/04/2006,7.9,,Perth Zoo
876,4/05/2006,8.8,,Perth Zoo
876,12/05/2006,9.9,,Perth Zoo
876,20/05/2006,10.8,,Perth Zoo
876,27/05/2006,11.6,,Perth Zoo
876,2/06/2006,12.4,,Perth Zoo
876,9/06/2006,12.9,,Perth Zoo
876,16/06/2006,13.6,,Perth Zoo
876,24/06/2006,14.2,,Perth Zoo
876,1/07/2006,15.7,,Perth Zoo
876,8/07/2006,16.9,,Perth Zoo
876,14/07/2006,18,,Perth Zoo
876,21/07/2006,18.3,,Perth Zoo
876,30/07/2006,19.5,,Perth Zoo
876,7/08/2006,20.5,,Perth Zoo
876,13/08/2006,22.5,,Perth Zoo
876,20/08/2006,24.1,,Perth Zoo
876,28/08/2006,25.2,,Perth Zoo
876,3/09/2006,27.1,,Perth Zoo
876,13/09/2006,29.5,,Perth Zoo
876,14/09/2006,29.5,52.3,EB
876,18/11/2008,96.5,83.5,EB
876,3/07/2009,82.5,83.8,EB
876,8/10/2010,129.5,93.1,EB
881,9/04/2006,5.8,28.2,Perth Zoo
881,15/04/2006,6.6,,Perth Zoo
881,21/04/2006,7.3,,Perth Zoo
881,28/04/2006,8.1,,Perth Zoo
881,4/05/2006,9.6,,Perth Zoo
881,12/05/2006,10.7,,Perth Zoo
881,20/05/2006,12.4,,Perth Zoo
881,27/05/2006,13.7,,Perth Zoo
881,2/06/2006,14.6,,Perth Zoo
881,9/06/2006,15.6,,Perth Zoo
881,16/06/2006,16.6,,Perth Zoo
881,24/06/2006,18.1,,Perth Zoo
881,1/07/2006,19.5,,Perth Zoo
881,8/07/2006,21.1,,Perth Zoo
881,14/07/2006,22.5,,Perth Zoo
881,22/07/2006,23.3,,Perth Zoo
881,30/07/2006,23.9,,Perth Zoo
881,7/08/2006,24.2,,Perth Zoo
881,13/08/2006,26.2,,Perth Zoo
881,20/08/2006,27.2,,Perth Zoo
881,28/08/2006,27.7,,Perth Zoo
881,3/09/2006,29.7,,Perth Zoo
881,13/09/2006,31.6,,Perth Zoo
881,14/09/2006,31.6,52.4,EB
881,28/10/2006,38.2,57.6,EB
882,9/04/2006,5.3,27.9,Perth Zoo
882,15/04/2006,6.2,,Perth Zoo
882,21/04/2006,6.7,,Perth Zoo
882,28/04/2006,7.3,,Perth Zoo
882,4/05/2006,8.7,,Perth Zoo
882,12/05/2006,9.7,,Perth Zoo
882,20/05/2006,11.1,,Perth Zoo
882,27/05/2006,12.2,,Perth Zoo
882,2/06/2006,13.2,,Perth Zoo
882,9/06/2006,14.1,,Perth Zoo
882,16/06/2006,14.8,,Perth Zoo
882,24/06/2006,16.5,,Perth Zoo
882,1/07/2006,17.8,,Perth Zoo
882,8/07/2006,19.5,,Perth Zoo
882,14/07/2006,20.3,,Perth Zoo
882,22/07/2006,21.1,,Perth Zoo
882,30/07/2006,21.8,,Perth Zoo
882,7/08/2006,22.8,,Perth Zoo
882,13/08/2006,24,,Perth Zoo
882,20/08/2006,24.9,,Perth Zoo
882,28/08/2006,25.1,,Perth Zoo
882,3/09/2006,26.6,,Perth Zoo
882,13/09/2006,28.7,,Perth Zoo
882,14/09/2006,28.7,50.8,EB
882,28/10/2006,35.5,62.3,EB
882,31/10/2006,34.7,56.9,EB
886,19/04/2006,5.4,26.4,Perth Zoo
886,21/04/2006,5.7,,Perth Zoo
886,28/04/2006,6.3,,Perth Zoo
886,4/05/2006,7,,Perth Zoo
886,12/05/2006,8,,Perth Zoo
886,20/05/2006,9.4,,Perth Zoo
886,27/05/2006,10.2,,Perth Zoo
886,2/06/2006,10.5,,Perth Zoo
886,9/06/2006,11,,Perth Zoo
886,16/06/2006,11.5,,Perth Zoo
886,24/06/2006,12.3,,Perth Zoo
886,1/07/2006,13.3,,Perth Zoo
886,8/07/2006,14.8,,Perth Zoo
886,14/07/2006,15.3,,Perth Zoo
886,22/07/2006,16.4,,Perth Zoo
886,30/07/2006,16.9,,Perth Zoo
886,7/08/2006,17.9,,Perth Zoo
886,13/08/2006,19.5,,Perth Zoo
886,20/08/2006,21.3,,Perth Zoo
886,28/08/2006,22.7,,Perth Zoo
886,3/09/2006,24.3,,Perth Zoo
886,13/09/2006,27.1,,Perth Zoo
886,14/09/2006,27.1,50.7,EB
890,20/04/2006,3.9,24,Perth Zoo
890,29/04/2006,4.6,,Perth Zoo
890,6/05/2006,5.2,,Perth Zoo
890,13/05/2006,6,,Perth Zoo
890,21/05/2006,7,,Perth Zoo
890,28/05/2006,7.5,,Perth Zoo
890,3/06/2006,8,,Perth Zoo
890,10/06/2006,8.5,,Perth Zoo
890,18/06/2006,8.6,,Perth Zoo
890,25/06/2006,9.1,,Perth Zoo
890,2/07/2006,10,,Perth Zoo
890,11/07/2006,11,,Perth Zoo
890,17/07/2006,11.7,,Perth Zoo
890,23/07/2006,11.8,,Perth Zoo
890,31/07/2006,13.1,,Perth Zoo
890,14/08/2006,16.6,,Perth Zoo
890,21/08/2006,17.8,,Perth Zoo
890,28/08/2006,19.1,,Perth Zoo
890,4/09/2006,20.5,,Perth Zoo
890,13/09/2006,23.3,,Perth Zoo
890,14/09/2006,23.3,46.7,EB
890,28/10/2006,28,51.8,EB
896,24/04/2006,5.8,28.1,Perth Zoo
896,29/04/2006,6.4,,Perth Zoo
896,6/05/2006,7.3,,Perth Zoo
896,13/05/2006,8.3,,Perth Zoo
896,21/05/2006,9.8,,Perth Zoo
896,28/05/2006,10.7,,Perth Zoo
896,3/06/2006,11.3,,Perth Zoo
896,10/06/2006,11.9,,Perth Zoo
896,18/06/2006,12.6,,Perth Zoo
896,25/06/2006,13.7,,Perth Zoo
896,2/07/2006,15.3,,Perth Zoo
896,11/07/2006,17.5,,Perth Zoo
896,17/07/2006,17.8,,Perth Zoo
896,23/07/2006,18.7,,Perth Zoo
896,31/07/2006,19.8,,Perth Zoo
896,8/08/2006,21.8,,Perth Zoo
896,14/08/2006,24.3,,Perth Zoo
896,21/08/2006,25.1,,Perth Zoo
896,28/08/2006,26.9,,Perth Zoo
896,4/09/2006,29.6,,Perth Zoo
896,13/09/2006,32.9,,Perth Zoo
896,14/09/2006,32.9,53.1,EB
896,28/10/2006,37.5,58.3,EB
898,24/04/2006,6.1,29.1,Perth Zoo
898,29/04/2006,6.7,,Perth Zoo
898,6/05/2006,7.7,,Perth Zoo
898,13/05/2006,8.8,,Perth Zoo
898,21/05/2006,9.7,,Perth Zoo
898,28/05/2006,10.6,,Perth Zoo
898,3/06/2006,11.1,,Perth Zoo
898,10/06/2006,11.2,,Perth Zoo
898,18/06/2006,11.8,,Perth Zoo
898,25/06/2006,12.5,,Perth Zoo
898,2/07/2006,14,,Perth Zoo
898,11/07/2006,15.9,,Perth Zoo
898,17/07/2006,16.6,,Perth Zoo
898,23/07/2006,17.5,,Perth Zoo
898,31/07/2006,18,,Perth Zoo
898,8/08/2006,19.4,,Perth Zoo
898,14/08/2006,21.2,,Perth Zoo
898,21/08/2006,22.6,,Perth Zoo
898,28/08/2006,23.8,,Perth Zoo
898,4/09/2006,25.3,,Perth Zoo
898,13/09/2006,27.7,,Perth Zoo
898,14/09/2006,27.7,50,EB
898,28/10/2006,34,56,EB
898,16/11/2006,34.2,,EB
904,29/09/2006,230,116,EB
904,28/02/2007,219,,EB
905,1/10/2006,370,137,EB
905,17/11/2007,383,136.8,EB
905,18/11/2008,383,137.1,EB
905,4/11/2009,406,137,EB
906,17/10/2006,110,90.3,EB
907,28/10/2006,20.5,44.5,EB
907,17/12/2006,20.3,45.7,EB
908,31/10/2006,61.8,69.8,EB
908,4/11/2006,60,,EB
908,21/12/2006,63.5,69.8,EB
909,31/10/2006,164.2,98.6,EB
909,6/09/2007,162,99.1,EB
909,4/11/2009,221,110.4,EB
910,25/11/2006,69.5,72.8,EB
911,17/12/2006,21.3,46.6,EB
911,22/11/2007,66,70.8,EB
912,17/12/2006,28,51.5,EB
914,30/01/2007,6,27.8,Perth Zoo
914,30/01/2007,6,,Perth Zoo
914,6/02/2007,6.7,,Perth Zoo
914,14/02/2007,8.6,,Perth Zoo
914,20/02/2007,9.4,,Perth Zoo
914,1/03/2007,12.3,,Perth Zoo
914,7/03/2007,13.2,,Perth Zoo
914,13/03/2007,15.4,,Perth Zoo
914,21/03/2007,16.9,,Perth Zoo
914,28/03/2007,18.1,,Perth Zoo
914,3/04/2007,17.8,,Perth Zoo
914,11/04/2007,18.3,,Perth Zoo
914,18/04/2007,19.5,,Perth Zoo
914,25/04/2007,18.9,,Perth Zoo
914,2/05/2007,20,,Perth Zoo
914,9/05/2007,20.1,,Perth Zoo
914,15/05/2007,20.5,,Perth Zoo
914,23/05/2007,19.5,,Perth Zoo
914,30/05/2007,20,,Perth Zoo
914,6/06/2007,21.5,,Perth Zoo
914,13/06/2007,33.2,53.5,EB
914,13/06/2007,22.3,,Perth Zoo
914,20/06/2007,24.3,,Perth Zoo
914,27/06/2007,24.6,,Perth Zoo
914,4/07/2007,25,,Perth Zoo
914,11/07/2007,27,,Perth Zoo
914,18/07/2007,29.5,,Perth Zoo
914,25/07/2007,30.5,,Perth Zoo
914,31/07/2007,32,,Perth Zoo
914,8/08/2007,31.4,,Perth Zoo
914,13/08/2007,33.2,,Perth Zoo
918,30/03/2007,5.8,28.4,Perth Zoo
918,30/03/2007,5.8,,Perth Zoo
918,3/04/2007,6.1,,Perth Zoo
918,11/04/2007,7.3,,Perth Zoo
918,18/04/2007,8.7,,Perth Zoo
918,25/04/2007,9.7,,Perth Zoo
918,2/05/2007,11.2,,Perth Zoo
918,9/05/2007,11.8,,Perth Zoo
918,15/05/2007,12.2,,Perth Zoo
918,23/05/2007,12.6,,Perth Zoo
918,30/05/2007,13.8,,Perth Zoo
918,6/06/2007,14.8,,Perth Zoo
918,13/06/2007,28.8,51.3,EB
918,13/06/2007,16,,Perth Zoo
918,20/06/2007,17.7,,Perth Zoo
918,27/06/2007,18.8,,Perth Zoo
918,4/07/2007,20.2,,Perth Zoo
918,11/07/2007,21.9,,Perth Zoo
918,18/07/2007,24.4,,Perth Zoo
918,25/07/2007,26.4,,Perth Zoo
918,31/07/2007,27.6,,Perth Zoo
918,8/08/2007,27.4,,Perth Zoo
918,13/08/2007,28.8,,Perth Zoo
919,2/04/2007,5.3,27,Perth Zoo
919,2/04/2007,5.3,,Perth Zoo
919,3/04/2007,5.7,,Perth Zoo
919,11/04/2007,6.6,,Perth Zoo
919,18/04/2007,7.5,,Perth Zoo
919,25/04/2007,8.3,,Perth Zoo
919,2/05/2007,9.8,,Perth Zoo
919,9/05/2007,10.4,,Perth Zoo
919,15/05/2007,11,,Perth Zoo
919,23/05/2007,11.6,,Perth Zoo
919,30/05/2007,13.2,,Perth Zoo
919,6/06/2007,14.6,,Perth Zoo
919,13/06/2007,27.5,50.7,EB
919,13/06/2007,15.6,,Perth Zoo
919,20/06/2007,17.8,,Perth Zoo
919,27/06/2007,18.7,,Perth Zoo
919,4/07/2007,19.9,,Perth Zoo
919,11/07/2007,21.8,,Perth Zoo
919,18/07/2007,24.2,,Perth Zoo
919,25/07/2007,25.8,,Perth Zoo
919,31/07/2007,26.6,,Perth Zoo
919,8/08/2007,26.3,,Perth Zoo
919,13/08/2007,27.5,,Perth Zoo
920,3/04/2007,6.2,28.3,Perth Zoo
920,3/04/2007,6.2,,Perth Zoo
920,11/04/2007,7.6,,Perth Zoo
920,18/04/2007,8.8,,Perth Zoo
920,25/04/2007,10.4,,Perth Zoo
920,2/05/2007,12.1,,Perth Zoo
920,9/05/2007,12,,Perth Zoo
920,15/05/2007,13.3,,Perth Zoo
920,23/05/2007,14.2,,Perth Zoo
920,30/05/2007,15.9,,Perth Zoo
920,6/06/2007,17.3,,Perth Zoo
920,13/06/2007,31,52.1,EB
920,13/06/2007,18.4,,Perth Zoo
920,20/06/2007,20.3,,Perth Zoo
920,27/06/2007,21.5,,Perth Zoo
920,4/07/2007,22.2,,Perth Zoo
920,11/07/2007,24.1,,Perth Zoo
920,18/07/2007,26.5,,Perth Zoo
920,25/07/2007,28.2,,Perth Zoo
920,31/07/2007,29.2,,Perth Zoo
920,8/08/2007,29.6,,Perth Zoo
920,13/08/2007,31,,Perth Zoo
941,19/11/2007,96,83.5,EB
941,8/03/2008,6,28.7,Perth Zoo
941,8/03/2008,6,,Perth Zoo
941,14/03/2008,6.9,,Perth Zoo
941,20/03/2008,8.5,,Perth Zoo
941,28/03/2008,10.7,,Perth Zoo
941,4/04/2008,12.2,,Perth Zoo
941,11/04/2008,14.3,,Perth Zoo
941,18/04/2008,15.8,,Perth Zoo
941,25/04/2008,18,,Perth Zoo
941,1/05/2008,18,,Perth Zoo
941,8/05/2008,19.6,,Perth Zoo
941,15/05/2008,21.9,,Perth Zoo
941,22/05/2008,23.2,,Perth Zoo
941,29/05/2008,23.7,,Perth Zoo
941,5/06/2008,26.9,,Perth Zoo
941,12/06/2008,94,83.9,EB
941,12/06/2008,27.6,,Perth Zoo
941,19/06/2008,28.9,,Perth Zoo
941,26/06/2008,29,,Perth Zoo
941,3/07/2008,29.2,,Perth Zoo
941,10/07/2008,30.5,,Perth Zoo
941,17/07/2008,30.7,,Perth Zoo
941,24/07/2008,31,,Perth Zoo
941,31/07/2008,31.5,,Perth Zoo
941,7/08/2008,32.6,,Perth Zoo
941,14/08/2008,33.6,,Perth Zoo
941,21/08/2008,34.9,,Perth Zoo
941,28/08/2008,35.4,,Perth Zoo
941,4/09/2008,37.5,,Perth Zoo
941,11/09/2008,38.9,,Perth Zoo
941,18/09/2008,39.5,,Perth Zoo
941,25/09/2008,41.5,,Perth Zoo
941,2/10/2008,43.2,,Perth Zoo
941,9/10/2008,45,,Perth Zoo
941,16/10/2008,46.7,,Perth Zoo
941,23/10/2008,49.1,,Perth Zoo
941,6/11/2008,55.6,,Perth Zoo
941,20/11/2008,62.8,,Perth Zoo
941,11/12/2008,72.2,,Perth Zoo
941,8/01/2009,83.4,,Perth Zoo
941,26/05/2009,77.1,,Perth Zoo
941,18/06/2009,78.9,,Perth Zoo
941,16/07/2009,82.6,,Perth Zoo
941,30/07/2009,84.7,,Perth Zoo
941,13/08/2009,86.7,,Perth Zoo
941,27/08/2009,88.3,,Perth Zoo
941,10/09/2009,88.5,,Perth Zoo
941,24/09/2009,89.1,,Perth Zoo
941,28/11/2009,103.7,,Perth Zoo
941,2/01/2010,116.6,,Perth Zoo
941,10/01/2010,111.1,,Perth Zoo
941,23/05/2010,94.4,,Perth Zoo
941,17/06/2010,108.9,85.4,Perth Zoo
941,17/06/2010,108.9,,Perth Zoo
941,15/07/2010,108.2,,Perth Zoo
941,17/08/2010,108.9,,Perth Zoo
941,12/09/2010,111.3,,Perth Zoo
941,23/10/2010,117.3,,Perth Zoo
941,18/11/2010,117,,Perth Zoo
941,28/05/2011,106.1,85.5,Perth Zoo
941,28/05/2011,106.1,,Perth Zoo
941,22/06/2011,117.2,,Perth Zoo
941,19/07/2011,117.1,,Perth Zoo
1017,23/09/2010,75.5,71.9,EB
1018,8/10/2010,18.2,43.7,EB
1019,8/10/2010,18.6,42.5,EB
1020,8/10/2010,105.5,85.1,EB
1021,8/10/2010,189,104.9,EB
1022,19/10/2010,44.2,62,EB
