"","nicheout$MAXSHADES"
"1",90
"2",90
"3",90
"4",90
"5",90
"6",90
"7",90
"8",90
"9",90
"10",90
"11",90
"12",90
"13",90
"14",90
"15",90
"16",90
"17",90
"18",90
"19",90
"20",90
"21",90
"22",90
"23",90
"24",90
"25",90
"26",90
"27",90
"28",90
"29",90
"30",90
"31",90
"32",90
"33",90
"34",90
"35",90
"36",90
"37",90
"38",90
"39",90
"40",90
"41",90
"42",90
"43",90
"44",90
"45",90
"46",90
"47",90
"48",90
"49",90
"50",90
"51",90
"52",90
"53",90
"54",90
"55",90
"56",90
"57",90
"58",90
"59",90
"60",90
"61",90
"62",90
"63",90
"64",90
"65",90
"66",90
"67",90
"68",90
"69",90
"70",90
"71",90
"72",90
"73",90
"74",90
"75",90
"76",90
"77",90
"78",90
"79",90
"80",90
"81",90
"82",90
"83",90
"84",90
"85",90
"86",90
"87",90
"88",90
"89",90
"90",90
"91",90
"92",90
"93",90
"94",90
"95",90
"96",90
"97",90
"98",90
"99",90
"100",90
"101",90
"102",90
"103",90
"104",90
"105",90
"106",90
"107",90
"108",90
"109",90
"110",90
"111",90
"112",90
"113",90
"114",90
"115",90
"116",90
"117",90
"118",90
"119",90
"120",90
"121",90
"122",90
"123",90
"124",90
"125",90
"126",90
"127",90
"128",90
"129",90
"130",90
"131",90
"132",90
"133",90
"134",90
"135",90
"136",90
"137",90
"138",90
"139",90
"140",90
"141",90
"142",90
"143",90
"144",90
"145",90
"146",90
"147",90
"148",90
"149",90
"150",90
"151",90
"152",90
"153",90
"154",90
"155",90
"156",90
"157",90
"158",90
"159",90
"160",90
"161",90
"162",90
"163",90
"164",90
"165",90
"166",90
"167",90
"168",90
"169",90
"170",90
"171",90
"172",90
"173",90
"174",90
"175",90
"176",90
"177",90
"178",90
"179",90
"180",90
"181",90
"182",90
"183",90
"184",90
"185",90
"186",90
"187",90
"188",90
"189",90
"190",90
"191",90
"192",90
"193",90
"194",90
"195",90
"196",90
"197",90
"198",90
"199",90
"200",90
"201",90
"202",90
"203",90
"204",90
"205",90
"206",90
"207",90
"208",90
"209",90
"210",90
"211",90
"212",90
"213",90
"214",90
"215",90
"216",90
"217",90
"218",90
"219",90
"220",90
"221",90
"222",90
"223",90
"224",90
"225",90
"226",90
"227",90
"228",90
"229",90
"230",90
"231",90
"232",90
"233",90
"234",90
"235",90
"236",90
"237",90
"238",90
"239",90
"240",90
"241",90
"242",90
"243",90
"244",90
"245",90
"246",90
"247",90
"248",90
"249",90
"250",90
"251",90
"252",90
"253",90
"254",90
"255",90
"256",90
"257",90
"258",90
"259",90
"260",90
"261",90
"262",90
"263",90
"264",90
"265",90
"266",90
"267",90
"268",90
"269",90
"270",90
"271",90
"272",90
"273",90
"274",90
"275",90
"276",90
"277",90
"278",90
"279",90
"280",90
"281",90
"282",90
"283",90
"284",90
"285",90
"286",90
"287",90
"288",90
"289",90
"290",90
"291",90
"292",90
"293",90
"294",90
"295",90
"296",90
"297",90
"298",90
"299",90
"300",90
"301",90
"302",90
"303",90
"304",90
"305",90
"306",90
"307",90
"308",90
"309",90
"310",90
"311",90
"312",90
"313",90
"314",90
"315",90
"316",90
"317",90
"318",90
"319",90
"320",90
"321",90
"322",90
"323",90
"324",90
"325",90
"326",90
"327",90
"328",90
"329",90
"330",90
"331",90
"332",90
"333",90
"334",90
"335",90
"336",90
"337",90
"338",90
"339",90
"340",90
"341",90
"342",90
"343",90
"344",90
"345",90
"346",90
"347",90
"348",90
"349",90
"350",90
"351",90
"352",90
"353",90
"354",90
"355",90
"356",90
"357",90
"358",90
"359",90
"360",90
"361",90
"362",90
"363",90
"364",90
"365",90
"366",90
"367",90
"368",90
"369",90
"370",90
"371",90
"372",90
"373",90
"374",90
"375",90
"376",90
"377",90
"378",90
"379",90
"380",90
"381",90
"382",90
"383",90
"384",90
"385",90
"386",90
"387",90
"388",90
"389",90
"390",90
"391",90
"392",90
"393",90
"394",90
"395",90
"396",90
"397",90
"398",90
"399",90
"400",90
"401",90
"402",90
"403",90
"404",90
"405",90
"406",90
"407",90
"408",90
"409",90
"410",90
"411",90
"412",90
"413",90
"414",90
"415",90
"416",90
"417",90
"418",90
"419",90
"420",90
"421",90
"422",90
"423",90
"424",90
"425",90
"426",90
"427",90
"428",90
"429",90
"430",90
"431",90
"432",90
"433",90
"434",90
"435",90
"436",90
"437",90
"438",90
"439",90
"440",90
"441",90
"442",90
"443",90
"444",90
"445",90
"446",90
"447",90
"448",90
"449",90
"450",90
"451",90
"452",90
"453",90
"454",90
"455",90
"456",90
"457",90
"458",90
"459",90
"460",90
"461",90
"462",90
"463",90
"464",90
"465",90
"466",90
"467",90
"468",90
"469",90
"470",90
"471",90
"472",90
"473",90
"474",90
"475",90
"476",90
"477",90
"478",90
"479",90
"480",90
"481",90
"482",90
"483",90
"484",90
"485",90
"486",90
"487",90
"488",90
"489",90
"490",90
"491",90
"492",90
"493",90
"494",90
"495",90
"496",90
"497",90
"498",90
"499",90
"500",90
"501",90
"502",90
"503",90
"504",90
"505",90
"506",90
"507",90
"508",90
"509",90
"510",90
"511",90
"512",90
"513",90
"514",90
"515",90
"516",90
"517",90
"518",90
"519",90
"520",90
"521",90
"522",90
"523",90
"524",90
"525",90
"526",90
"527",90
"528",90
"529",90
"530",90
"531",90
"532",90
"533",90
"534",90
"535",90
"536",90
"537",90
"538",90
"539",90
"540",90
"541",90
"542",90
"543",90
"544",90
"545",90
"546",90
"547",90
"548",90
"549",90
"550",90
"551",90
"552",90
"553",90
"554",90
"555",90
"556",90
"557",90
"558",90
"559",90
"560",90
"561",90
"562",90
"563",90
"564",90
"565",90
"566",90
"567",90
"568",90
"569",90
"570",90
"571",90
"572",90
"573",90
"574",90
"575",90
"576",90
"577",90
"578",90
"579",90
"580",90
"581",90
"582",90
"583",90
"584",90
"585",90
"586",90
"587",90
"588",90
"589",90
"590",90
"591",90
"592",90
"593",90
"594",90
"595",90
"596",90
"597",90
"598",90
"599",90
"600",90
"601",90
"602",90
"603",90
"604",90
"605",90
"606",90
"607",90
"608",90
"609",90
"610",90
"611",90
"612",90
"613",90
"614",90
"615",90
"616",90
"617",90
"618",90
"619",90
"620",90
"621",90
"622",90
"623",90
"624",90
"625",90
"626",90
"627",90
"628",90
"629",90
"630",90
"631",90
"632",90
"633",90
"634",90
"635",90
"636",90
"637",90
"638",90
"639",90
"640",90
"641",90
"642",90
"643",90
"644",90
"645",90
"646",90
"647",90
"648",90
"649",90
"650",90
"651",90
"652",90
"653",90
"654",90
"655",90
"656",90
"657",90
"658",90
"659",90
"660",90
"661",90
"662",90
"663",90
"664",90
"665",90
"666",90
"667",90
"668",90
"669",90
"670",90
"671",90
"672",90
"673",90
"674",90
"675",90
"676",90
"677",90
"678",90
"679",90
"680",90
"681",90
"682",90
"683",90
"684",90
"685",90
"686",90
"687",90
"688",90
"689",90
"690",90
"691",90
"692",90
"693",90
"694",90
"695",90
"696",90
"697",90
"698",90
"699",90
"700",90
"701",90
"702",90
"703",90
"704",90
"705",90
"706",90
"707",90
"708",90
"709",90
"710",90
"711",90
"712",90
"713",90
"714",90
"715",90
"716",90
"717",90
"718",90
"719",90
"720",90
"721",90
"722",90
"723",90
"724",90
"725",90
"726",90
"727",90
"728",90
"729",90
"730",90
"731",90
"732",90
"733",90
"734",90
"735",90
"736",90
"737",90
"738",90
"739",90
"740",90
"741",90
"742",90
"743",90
"744",90
"745",90
"746",90
"747",90
"748",90
"749",90
"750",90
"751",90
"752",90
"753",90
"754",90
"755",90
"756",90
"757",90
"758",90
"759",90
"760",90
"761",90
"762",90
"763",90
"764",90
"765",90
"766",90
"767",90
"768",90
"769",90
"770",90
"771",90
"772",90
"773",90
"774",90
"775",90
"776",90
"777",90
"778",90
"779",90
"780",90
"781",90
"782",90
"783",90
"784",90
"785",90
"786",90
"787",90
"788",90
"789",90
"790",90
"791",90
"792",90
"793",90
"794",90
"795",90
"796",90
"797",90
"798",90
"799",90
"800",90
"801",90
"802",90
"803",90
"804",90
"805",90
"806",90
"807",90
"808",90
"809",90
"810",90
"811",90
"812",90
"813",90
"814",90
"815",90
"816",90
"817",90
"818",90
"819",90
"820",90
"821",90
"822",90
"823",90
"824",90
"825",90
"826",90
"827",90
"828",90
"829",90
"830",90
"831",90
"832",90
"833",90
"834",90
"835",90
"836",90
"837",90
"838",90
"839",90
"840",90
"841",90
"842",90
"843",90
"844",90
"845",90
"846",90
"847",90
"848",90
"849",90
"850",90
"851",90
"852",90
"853",90
"854",90
"855",90
"856",90
"857",90
"858",90
"859",90
"860",90
"861",90
"862",90
"863",90
"864",90
"865",90
"866",90
"867",90
"868",90
"869",90
"870",90
"871",90
"872",90
"873",90
"874",90
"875",90
"876",90
"877",90
"878",90
"879",90
"880",90
"881",90
"882",90
"883",90
"884",90
"885",90
"886",90
"887",90
"888",90
"889",90
"890",90
"891",90
"892",90
"893",90
"894",90
"895",90
"896",90
"897",90
"898",90
"899",90
"900",90
"901",90
"902",90
"903",90
"904",90
"905",90
"906",90
"907",90
"908",90
"909",90
"910",90
"911",90
"912",90
"913",90
"914",90
"915",90
"916",90
"917",90
"918",90
"919",90
"920",90
"921",90
"922",90
"923",90
"924",90
"925",90
"926",90
"927",90
"928",90
"929",90
"930",90
"931",90
"932",90
"933",90
"934",90
"935",90
"936",90
"937",90
"938",90
"939",90
"940",90
"941",90
"942",90
"943",90
"944",90
"945",90
"946",90
"947",90
"948",90
"949",90
"950",90
"951",90
"952",90
"953",90
"954",90
"955",90
"956",90
"957",90
"958",90
"959",90
"960",90
"961",90
"962",90
"963",90
"964",90
"965",90
"966",90
"967",90
"968",90
"969",90
"970",90
"971",90
"972",90
"973",90
"974",90
"975",90
"976",90
"977",90
"978",90
"979",90
"980",90
"981",90
"982",90
"983",90
"984",90
"985",90
"986",90
"987",90
"988",90
"989",90
"990",90
"991",90
"992",90
"993",90
"994",90
"995",90
"996",90
"997",90
"998",90
"999",90
"1000",90
"1001",90
"1002",90
"1003",90
"1004",90
"1005",90
"1006",90
"1007",90
"1008",90
"1009",90
"1010",90
"1011",90
"1012",90
"1013",90
"1014",90
"1015",90
"1016",90
"1017",90
"1018",90
"1019",90
"1020",90
"1021",90
"1022",90
"1023",90
"1024",90
"1025",90
"1026",90
"1027",90
"1028",90
"1029",90
"1030",90
"1031",90
"1032",90
"1033",90
"1034",90
"1035",90
"1036",90
"1037",90
"1038",90
"1039",90
"1040",90
"1041",90
"1042",90
"1043",90
"1044",90
"1045",90
"1046",90
"1047",90
"1048",90
"1049",90
"1050",90
"1051",90
"1052",90
"1053",90
"1054",90
"1055",90
"1056",90
"1057",90
"1058",90
"1059",90
"1060",90
"1061",90
"1062",90
"1063",90
"1064",90
"1065",90
"1066",90
"1067",90
"1068",90
"1069",90
"1070",90
"1071",90
"1072",90
"1073",90
"1074",90
"1075",90
"1076",90
"1077",90
"1078",90
"1079",90
"1080",90
"1081",90
"1082",90
"1083",90
"1084",90
"1085",90
"1086",90
"1087",90
"1088",90
"1089",90
"1090",90
"1091",90
"1092",90
"1093",90
"1094",90
"1095",90
"1096",90
"1097",90
"1098",90
"1099",90
"1100",90
"1101",90
"1102",90
"1103",90
"1104",90
"1105",90
"1106",90
"1107",90
"1108",90
"1109",90
"1110",90
"1111",90
"1112",90
"1113",90
"1114",90
"1115",90
"1116",90
"1117",90
"1118",90
"1119",90
"1120",90
"1121",90
"1122",90
"1123",90
"1124",90
"1125",90
"1126",90
"1127",90
"1128",90
"1129",90
"1130",90
"1131",90
"1132",90
"1133",90
"1134",90
"1135",90
"1136",90
"1137",90
"1138",90
"1139",90
"1140",90
"1141",90
"1142",90
"1143",90
"1144",90
"1145",90
"1146",90
"1147",90
"1148",90
"1149",90
"1150",90
"1151",90
"1152",90
"1153",90
"1154",90
"1155",90
"1156",90
"1157",90
"1158",90
"1159",90
"1160",90
"1161",90
"1162",90
"1163",90
"1164",90
"1165",90
"1166",90
"1167",90
"1168",90
"1169",90
"1170",90
"1171",90
"1172",90
"1173",90
"1174",90
"1175",90
"1176",90
"1177",90
"1178",90
"1179",90
"1180",90
"1181",90
"1182",90
"1183",90
"1184",90
"1185",90
"1186",90
"1187",90
"1188",90
"1189",90
"1190",90
"1191",90
"1192",90
"1193",90
"1194",90
"1195",90
"1196",90
"1197",90
"1198",90
"1199",90
"1200",90
"1201",90
"1202",90
"1203",90
"1204",90
"1205",90
"1206",90
"1207",90
"1208",90
"1209",90
"1210",90
"1211",90
"1212",90
"1213",90
"1214",90
"1215",90
"1216",90
"1217",90
"1218",90
"1219",90
"1220",90
"1221",90
"1222",90
"1223",90
"1224",90
"1225",90
"1226",90
"1227",90
"1228",90
"1229",90
"1230",90
"1231",90
"1232",90
"1233",90
"1234",90
"1235",90
"1236",90
"1237",90
"1238",90
"1239",90
"1240",90
"1241",90
"1242",90
"1243",90
"1244",90
"1245",90
"1246",90
"1247",90
"1248",90
"1249",90
"1250",90
"1251",90
"1252",90
"1253",90
"1254",90
"1255",90
"1256",90
"1257",90
"1258",90
"1259",90
"1260",90
"1261",90
"1262",90
"1263",90
"1264",90
"1265",90
"1266",90
"1267",90
"1268",90
"1269",90
"1270",90
"1271",90
"1272",90
"1273",90
"1274",90
"1275",90
"1276",90
"1277",90
"1278",90
"1279",90
"1280",90
"1281",90
"1282",90
"1283",90
"1284",90
"1285",90
"1286",90
"1287",90
"1288",90
"1289",90
"1290",90
"1291",90
"1292",90
"1293",90
"1294",90
"1295",90
"1296",90
"1297",90
"1298",90
"1299",90
"1300",90
"1301",90
"1302",90
"1303",90
"1304",90
"1305",90
"1306",90
"1307",90
"1308",90
"1309",90
"1310",90
"1311",90
"1312",90
"1313",90
"1314",90
"1315",90
"1316",90
"1317",90
"1318",90
"1319",90
"1320",90
"1321",90
"1322",90
"1323",90
"1324",90
"1325",90
"1326",90
"1327",90
"1328",90
"1329",90
"1330",90
"1331",90
"1332",90
"1333",90
"1334",90
"1335",90
"1336",90
"1337",90
"1338",90
"1339",90
"1340",90
"1341",90
"1342",90
"1343",90
"1344",90
"1345",90
"1346",90
"1347",90
"1348",90
"1349",90
"1350",90
"1351",90
"1352",90
"1353",90
"1354",90
"1355",90
"1356",90
"1357",90
"1358",90
"1359",90
"1360",90
"1361",90
"1362",90
"1363",90
"1364",90
"1365",90
"1366",90
"1367",90
"1368",90
"1369",90
"1370",90
"1371",90
"1372",90
"1373",90
"1374",90
"1375",90
"1376",90
"1377",90
"1378",90
"1379",90
"1380",90
"1381",90
"1382",90
"1383",90
"1384",90
"1385",90
"1386",90
"1387",90
"1388",90
"1389",90
"1390",90
"1391",90
"1392",90
"1393",90
"1394",90
"1395",90
"1396",90
"1397",90
"1398",90
"1399",90
"1400",90
"1401",90
"1402",90
"1403",90
"1404",90
"1405",90
"1406",90
"1407",90
"1408",90
"1409",90
"1410",90
"1411",90
"1412",90
"1413",90
"1414",90
"1415",90
"1416",90
"1417",90
"1418",90
"1419",90
"1420",90
"1421",90
"1422",90
"1423",90
"1424",90
"1425",90
"1426",90
"1427",90
"1428",90
"1429",90
"1430",90
"1431",90
"1432",90
"1433",90
"1434",90
"1435",90
"1436",90
"1437",90
"1438",90
"1439",90
"1440",90
"1441",90
"1442",90
"1443",90
"1444",90
"1445",90
"1446",90
"1447",90
"1448",90
"1449",90
"1450",90
"1451",90
"1452",90
"1453",90
"1454",90
"1455",90
"1456",90
"1457",90
"1458",90
"1459",90
"1460",90
"1461",90
"1462",90
"1463",90
"1464",90
"1465",90
"1466",90
"1467",90
"1468",90
"1469",90
"1470",90
"1471",90
"1472",90
"1473",90
"1474",90
"1475",90
"1476",90
"1477",90
"1478",90
"1479",90
"1480",90
"1481",90
"1482",90
"1483",90
"1484",90
"1485",90
"1486",90
"1487",90
"1488",90
"1489",90
"1490",90
"1491",90
"1492",90
"1493",90
"1494",90
"1495",90
"1496",90
"1497",90
"1498",90
"1499",90
"1500",90
"1501",90
"1502",90
"1503",90
"1504",90
"1505",90
"1506",90
"1507",90
"1508",90
"1509",90
"1510",90
"1511",90
"1512",90
"1513",90
"1514",90
"1515",90
"1516",90
"1517",90
"1518",90
"1519",90
"1520",90
"1521",90
"1522",90
"1523",90
"1524",90
"1525",90
"1526",90
"1527",90
"1528",90
"1529",90
"1530",90
"1531",90
"1532",90
"1533",90
"1534",90
"1535",90
"1536",90
"1537",90
"1538",90
"1539",90
"1540",90
"1541",90
"1542",90
"1543",90
"1544",90
"1545",90
"1546",90
"1547",90
"1548",90
"1549",90
"1550",90
"1551",90
"1552",90
"1553",90
"1554",90
"1555",90
"1556",90
"1557",90
"1558",90
"1559",90
"1560",90
"1561",90
"1562",90
"1563",90
"1564",90
"1565",90
"1566",90
"1567",90
"1568",90
"1569",90
"1570",90
"1571",90
"1572",90
"1573",90
"1574",90
"1575",90
"1576",90
"1577",90
"1578",90
"1579",90
"1580",90
"1581",90
"1582",90
"1583",90
"1584",90
"1585",90
"1586",90
"1587",90
"1588",90
"1589",90
"1590",90
"1591",90
"1592",90
"1593",90
"1594",90
"1595",90
"1596",90
"1597",90
"1598",90
"1599",90
"1600",90
"1601",90
"1602",90
"1603",90
"1604",90
"1605",90
"1606",90
"1607",90
"1608",90
"1609",90
"1610",90
"1611",90
"1612",90
"1613",90
"1614",90
"1615",90
"1616",90
"1617",90
"1618",90
"1619",90
"1620",90
"1621",90
"1622",90
"1623",90
"1624",90
"1625",90
"1626",90
"1627",90
"1628",90
"1629",90
"1630",90
"1631",90
"1632",90
"1633",90
"1634",90
"1635",90
"1636",90
"1637",90
"1638",90
"1639",90
"1640",90
"1641",90
"1642",90
"1643",90
"1644",90
"1645",90
"1646",90
"1647",90
"1648",90
"1649",90
"1650",90
"1651",90
"1652",90
"1653",90
"1654",90
"1655",90
"1656",90
"1657",90
"1658",90
"1659",90
"1660",90
"1661",90
"1662",90
"1663",90
"1664",90
"1665",90
"1666",90
"1667",90
"1668",90
"1669",90
"1670",90
"1671",90
"1672",90
"1673",90
"1674",90
"1675",90
"1676",90
"1677",90
"1678",90
"1679",90
"1680",90
"1681",90
"1682",90
"1683",90
"1684",90
"1685",90
"1686",90
"1687",90
"1688",90
"1689",90
"1690",90
"1691",90
"1692",90
"1693",90
"1694",90
"1695",90
"1696",90
"1697",90
"1698",90
"1699",90
"1700",90
"1701",90
"1702",90
"1703",90
"1704",90
"1705",90
"1706",90
"1707",90
"1708",90
"1709",90
"1710",90
"1711",90
"1712",90
"1713",90
"1714",90
"1715",90
"1716",90
"1717",90
"1718",90
"1719",90
"1720",90
"1721",90
"1722",90
"1723",90
"1724",90
"1725",90
"1726",90
"1727",90
"1728",90
"1729",90
"1730",90
"1731",90
"1732",90
"1733",90
"1734",90
"1735",90
"1736",90
"1737",90
"1738",90
"1739",90
"1740",90
"1741",90
"1742",90
"1743",90
"1744",90
"1745",90
"1746",90
"1747",90
"1748",90
"1749",90
"1750",90
"1751",90
"1752",90
"1753",90
"1754",90
"1755",90
"1756",90
"1757",90
"1758",90
"1759",90
"1760",90
"1761",90
"1762",90
"1763",90
"1764",90
"1765",90
"1766",90
"1767",90
"1768",90
"1769",90
"1770",90
"1771",90
"1772",90
"1773",90
"1774",90
"1775",90
"1776",90
"1777",90
"1778",90
"1779",90
"1780",90
"1781",90
"1782",90
"1783",90
"1784",90
"1785",90
"1786",90
"1787",90
"1788",90
"1789",90
"1790",90
"1791",90
"1792",90
"1793",90
"1794",90
"1795",90
"1796",90
"1797",90
"1798",90
"1799",90
"1800",90
"1801",90
"1802",90
"1803",90
"1804",90
"1805",90
"1806",90
"1807",90
"1808",90
"1809",90
"1810",90
"1811",90
"1812",90
"1813",90
"1814",90
"1815",90
"1816",90
"1817",90
"1818",90
"1819",90
"1820",90
"1821",90
"1822",90
"1823",90
"1824",90
"1825",90
"1826",90
"1827",90
"1828",90
"1829",90
"1830",90
"1831",90
"1832",90
"1833",90
"1834",90
"1835",90
"1836",90
"1837",90
"1838",90
"1839",90
"1840",90
"1841",90
"1842",90
"1843",90
"1844",90
"1845",90
"1846",90
"1847",90
"1848",90
"1849",90
"1850",90
"1851",90
"1852",90
"1853",90
"1854",90
"1855",90
"1856",90
"1857",90
"1858",90
"1859",90
"1860",90
"1861",90
"1862",90
"1863",90
"1864",90
"1865",90
"1866",90
"1867",90
"1868",90
"1869",90
"1870",90
"1871",90
"1872",90
"1873",90
"1874",90
"1875",90
"1876",90
"1877",90
"1878",90
"1879",90
"1880",90
"1881",90
"1882",90
"1883",90
"1884",90
"1885",90
"1886",90
"1887",90
"1888",90
"1889",90
"1890",90
"1891",90
"1892",90
"1893",90
"1894",90
"1895",90
"1896",90
"1897",90
"1898",90
"1899",90
"1900",90
"1901",90
"1902",90
"1903",90
"1904",90
"1905",90
"1906",90
"1907",90
"1908",90
"1909",90
"1910",90
"1911",90
"1912",90
"1913",90
"1914",90
"1915",90
"1916",90
"1917",90
"1918",90
"1919",90
"1920",90
"1921",90
"1922",90
"1923",90
"1924",90
"1925",90
"1926",90
"1927",90
"1928",90
"1929",90
"1930",90
"1931",90
"1932",90
"1933",90
"1934",90
"1935",90
"1936",90
"1937",90
"1938",90
"1939",90
"1940",90
"1941",90
"1942",90
"1943",90
"1944",90
"1945",90
"1946",90
"1947",90
"1948",90
"1949",90
"1950",90
"1951",90
"1952",90
"1953",90
"1954",90
"1955",90
"1956",90
"1957",90
"1958",90
"1959",90
"1960",90
"1961",90
"1962",90
"1963",90
"1964",90
"1965",90
"1966",90
"1967",90
"1968",90
"1969",90
"1970",90
"1971",90
"1972",90
"1973",90
"1974",90
"1975",90
"1976",90
"1977",90
"1978",90
"1979",90
"1980",90
"1981",90
"1982",90
"1983",90
"1984",90
"1985",90
"1986",90
"1987",90
"1988",90
"1989",90
"1990",90
"1991",90
"1992",90
"1993",90
"1994",90
"1995",90
"1996",90
"1997",90
"1998",90
"1999",90
"2000",90
"2001",90
"2002",90
"2003",90
"2004",90
"2005",90
"2006",90
"2007",90
"2008",90
"2009",90
"2010",90
"2011",90
"2012",90
"2013",90
"2014",90
"2015",90
"2016",90
"2017",90
"2018",90
"2019",90
"2020",90
"2021",90
"2022",90
"2023",90
"2024",90
"2025",90
"2026",90
"2027",90
"2028",90
"2029",90
"2030",90
"2031",90
"2032",90
"2033",90
"2034",90
"2035",90
"2036",90
"2037",90
"2038",90
"2039",90
"2040",90
"2041",90
"2042",90
"2043",90
"2044",90
"2045",90
"2046",90
"2047",90
"2048",90
"2049",90
"2050",90
"2051",90
"2052",90
"2053",90
"2054",90
"2055",90
"2056",90
"2057",90
"2058",90
"2059",90
"2060",90
"2061",90
"2062",90
"2063",90
"2064",90
"2065",90
"2066",90
"2067",90
"2068",90
"2069",90
"2070",90
"2071",90
"2072",90
"2073",90
"2074",90
"2075",90
"2076",90
"2077",90
"2078",90
"2079",90
"2080",90
"2081",90
"2082",90
"2083",90
"2084",90
"2085",90
"2086",90
"2087",90
"2088",90
"2089",90
"2090",90
"2091",90
"2092",90
"2093",90
"2094",90
"2095",90
"2096",90
"2097",90
"2098",90
"2099",90
"2100",90
"2101",90
"2102",90
"2103",90
"2104",90
"2105",90
"2106",90
"2107",90
"2108",90
"2109",90
"2110",90
"2111",90
"2112",90
"2113",90
"2114",90
"2115",90
"2116",90
"2117",90
"2118",90
"2119",90
"2120",90
"2121",90
"2122",90
"2123",90
"2124",90
"2125",90
"2126",90
"2127",90
"2128",90
"2129",90
"2130",90
"2131",90
"2132",90
"2133",90
"2134",90
"2135",90
"2136",90
"2137",90
"2138",90
"2139",90
"2140",90
"2141",90
"2142",90
"2143",90
"2144",90
"2145",90
"2146",90
"2147",90
"2148",90
"2149",90
"2150",90
"2151",90
"2152",90
"2153",90
"2154",90
"2155",90
"2156",90
"2157",90
"2158",90
"2159",90
"2160",90
"2161",90
"2162",90
"2163",90
"2164",90
"2165",90
"2166",90
"2167",90
"2168",90
"2169",90
"2170",90
"2171",90
"2172",90
"2173",90
"2174",90
"2175",90
"2176",90
"2177",90
"2178",90
"2179",90
"2180",90
"2181",90
"2182",90
"2183",90
"2184",90
"2185",90
"2186",90
"2187",90
"2188",90
"2189",90
"2190",90
"2191",90
"2192",90
"2193",90
"2194",90
"2195",90
"2196",90
"2197",90
"2198",90
"2199",90
"2200",90
"2201",90
"2202",90
"2203",90
"2204",90
"2205",90
"2206",90
"2207",90
"2208",90
"2209",90
"2210",90
"2211",90
"2212",90
"2213",90
"2214",90
"2215",90
"2216",90
"2217",90
"2218",90
"2219",90
"2220",90
"2221",90
"2222",90
"2223",90
"2224",90
"2225",90
"2226",90
"2227",90
"2228",90
"2229",90
"2230",90
"2231",90
"2232",90
"2233",90
"2234",90
"2235",90
"2236",90
"2237",90
"2238",90
"2239",90
"2240",90
"2241",90
"2242",90
"2243",90
"2244",90
"2245",90
"2246",90
"2247",90
"2248",90
"2249",90
"2250",90
"2251",90
"2252",90
"2253",90
"2254",90
"2255",90
"2256",90
"2257",90
"2258",90
"2259",90
"2260",90
"2261",90
"2262",90
"2263",90
"2264",90
"2265",90
"2266",90
"2267",90
"2268",90
"2269",90
"2270",90
"2271",90
"2272",90
"2273",90
"2274",90
"2275",90
"2276",90
"2277",90
"2278",90
"2279",90
"2280",90
"2281",90
"2282",90
"2283",90
"2284",90
"2285",90
"2286",90
"2287",90
"2288",90
"2289",90
"2290",90
"2291",90
"2292",90
"2293",90
"2294",90
"2295",90
"2296",90
"2297",90
"2298",90
"2299",90
"2300",90
"2301",90
"2302",90
"2303",90
"2304",90
"2305",90
"2306",90
"2307",90
"2308",90
"2309",90
"2310",90
"2311",90
"2312",90
"2313",90
"2314",90
"2315",90
"2316",90
"2317",90
"2318",90
"2319",90
"2320",90
"2321",90
"2322",90
"2323",90
"2324",90
"2325",90
"2326",90
"2327",90
"2328",90
"2329",90
"2330",90
"2331",90
"2332",90
"2333",90
"2334",90
"2335",90
"2336",90
"2337",90
"2338",90
"2339",90
"2340",90
"2341",90
"2342",90
"2343",90
"2344",90
"2345",90
"2346",90
"2347",90
"2348",90
"2349",90
"2350",90
"2351",90
"2352",90
"2353",90
"2354",90
"2355",90
"2356",90
"2357",90
"2358",90
"2359",90
"2360",90
"2361",90
"2362",90
"2363",90
"2364",90
"2365",90
"2366",90
"2367",90
"2368",90
"2369",90
"2370",90
"2371",90
"2372",90
"2373",90
"2374",90
"2375",90
"2376",90
"2377",90
"2378",90
"2379",90
"2380",90
"2381",90
"2382",90
"2383",90
"2384",90
"2385",90
"2386",90
"2387",90
"2388",90
"2389",90
"2390",90
"2391",90
"2392",90
"2393",90
"2394",90
"2395",90
"2396",90
"2397",90
"2398",90
"2399",90
"2400",90
"2401",90
"2402",90
"2403",90
"2404",90
"2405",90
"2406",90
"2407",90
"2408",90
"2409",90
"2410",90
"2411",90
"2412",90
"2413",90
"2414",90
"2415",90
"2416",90
"2417",90
"2418",90
"2419",90
"2420",90
"2421",90
"2422",90
"2423",90
"2424",90
"2425",90
"2426",90
"2427",90
"2428",90
"2429",90
"2430",90
"2431",90
"2432",90
"2433",90
"2434",90
"2435",90
"2436",90
"2437",90
"2438",90
"2439",90
"2440",90
"2441",90
"2442",90
"2443",90
"2444",90
"2445",90
"2446",90
"2447",90
"2448",90
"2449",90
"2450",90
"2451",90
"2452",90
"2453",90
"2454",90
"2455",90
"2456",90
"2457",90
"2458",90
"2459",90
"2460",90
"2461",90
"2462",90
"2463",90
"2464",90
"2465",90
"2466",90
"2467",90
"2468",90
"2469",90
"2470",90
"2471",90
"2472",90
"2473",90
"2474",90
"2475",90
"2476",90
"2477",90
"2478",90
"2479",90
"2480",90
"2481",90
"2482",90
"2483",90
"2484",90
"2485",90
"2486",90
"2487",90
"2488",90
"2489",90
"2490",90
"2491",90
"2492",90
"2493",90
"2494",90
"2495",90
"2496",90
"2497",90
"2498",90
"2499",90
"2500",90
"2501",90
"2502",90
"2503",90
"2504",90
"2505",90
"2506",90
"2507",90
"2508",90
"2509",90
"2510",90
"2511",90
"2512",90
"2513",90
"2514",90
"2515",90
"2516",90
"2517",90
"2518",90
"2519",90
"2520",90
"2521",90
"2522",90
"2523",90
"2524",90
"2525",90
"2526",90
"2527",90
"2528",90
"2529",90
"2530",90
"2531",90
"2532",90
"2533",90
"2534",90
"2535",90
"2536",90
"2537",90
"2538",90
"2539",90
"2540",90
"2541",90
"2542",90
"2543",90
"2544",90
"2545",90
"2546",90
"2547",90
"2548",90
"2549",90
"2550",90
"2551",90
"2552",90
"2553",90
"2554",90
"2555",90
"2556",90
"2557",90
"2558",90
"2559",90
"2560",90
"2561",90
"2562",90
"2563",90
"2564",90
"2565",90
"2566",90
"2567",90
"2568",90
"2569",90
"2570",90
"2571",90
"2572",90
"2573",90
"2574",90
"2575",90
"2576",90
"2577",90
"2578",90
"2579",90
"2580",90
"2581",90
"2582",90
"2583",90
"2584",90
"2585",90
"2586",90
"2587",90
"2588",90
"2589",90
"2590",90
"2591",90
"2592",90
"2593",90
"2594",90
"2595",90
"2596",90
"2597",90
"2598",90
"2599",90
"2600",90
"2601",90
"2602",90
"2603",90
"2604",90
"2605",90
"2606",90
"2607",90
"2608",90
"2609",90
"2610",90
"2611",90
"2612",90
"2613",90
"2614",90
"2615",90
"2616",90
"2617",90
"2618",90
"2619",90
"2620",90
"2621",90
"2622",90
"2623",90
"2624",90
"2625",90
"2626",90
"2627",90
"2628",90
"2629",90
"2630",90
"2631",90
"2632",90
"2633",90
"2634",90
"2635",90
"2636",90
"2637",90
"2638",90
"2639",90
"2640",90
"2641",90
"2642",90
"2643",90
"2644",90
"2645",90
"2646",90
"2647",90
"2648",90
"2649",90
"2650",90
"2651",90
"2652",90
"2653",90
"2654",90
"2655",90
"2656",90
"2657",90
"2658",90
"2659",90
"2660",90
"2661",90
"2662",90
"2663",90
"2664",90
"2665",90
"2666",90
"2667",90
"2668",90
"2669",90
"2670",90
"2671",90
"2672",90
"2673",90
"2674",90
"2675",90
"2676",90
"2677",90
"2678",90
"2679",90
"2680",90
"2681",90
"2682",90
"2683",90
"2684",90
"2685",90
"2686",90
"2687",90
"2688",90
"2689",90
"2690",90
"2691",90
"2692",90
"2693",90
"2694",90
"2695",90
"2696",90
"2697",90
"2698",90
"2699",90
"2700",90
"2701",90
"2702",90
"2703",90
"2704",90
"2705",90
"2706",90
"2707",90
"2708",90
"2709",90
"2710",90
"2711",90
"2712",90
"2713",90
"2714",90
"2715",90
"2716",90
"2717",90
"2718",90
"2719",90
"2720",90
"2721",90
"2722",90
"2723",90
"2724",90
"2725",90
"2726",90
"2727",90
"2728",90
"2729",90
"2730",90
"2731",90
"2732",90
"2733",90
"2734",90
"2735",90
"2736",90
"2737",90
"2738",90
"2739",90
"2740",90
"2741",90
"2742",90
"2743",90
"2744",90
"2745",90
"2746",90
"2747",90
"2748",90
"2749",90
"2750",90
"2751",90
"2752",90
"2753",90
"2754",90
"2755",90
"2756",90
"2757",90
"2758",90
"2759",90
"2760",90
"2761",90
"2762",90
"2763",90
"2764",90
"2765",90
"2766",90
"2767",90
"2768",90
"2769",90
"2770",90
"2771",90
"2772",90
"2773",90
"2774",90
"2775",90
"2776",90
"2777",90
"2778",90
"2779",90
"2780",90
"2781",90
"2782",90
"2783",90
"2784",90
"2785",90
"2786",90
"2787",90
"2788",90
"2789",90
"2790",90
"2791",90
"2792",90
"2793",90
"2794",90
"2795",90
"2796",90
"2797",90
"2798",90
"2799",90
"2800",90
"2801",90
"2802",90
"2803",90
"2804",90
"2805",90
"2806",90
"2807",90
"2808",90
"2809",90
"2810",90
"2811",90
"2812",90
"2813",90
"2814",90
"2815",90
"2816",90
"2817",90
"2818",90
"2819",90
"2820",90
"2821",90
"2822",90
"2823",90
"2824",90
"2825",90
"2826",90
"2827",90
"2828",90
"2829",90
"2830",90
"2831",90
"2832",90
"2833",90
"2834",90
"2835",90
"2836",90
"2837",90
"2838",90
"2839",90
"2840",90
"2841",90
"2842",90
"2843",90
"2844",90
"2845",90
"2846",90
"2847",90
"2848",90
"2849",90
"2850",90
"2851",90
"2852",90
"2853",90
"2854",90
"2855",90
"2856",90
"2857",90
"2858",90
"2859",90
"2860",90
"2861",90
"2862",90
"2863",90
"2864",90
"2865",90
"2866",90
"2867",90
"2868",90
"2869",90
"2870",90
"2871",90
"2872",90
"2873",90
"2874",90
"2875",90
"2876",90
"2877",90
"2878",90
"2879",90
"2880",90
"2881",90
"2882",90
"2883",90
"2884",90
"2885",90
"2886",90
"2887",90
"2888",90
"2889",90
"2890",90
"2891",90
"2892",90
"2893",90
"2894",90
"2895",90
"2896",90
"2897",90
"2898",90
"2899",90
"2900",90
"2901",90
"2902",90
"2903",90
"2904",90
"2905",90
"2906",90
"2907",90
"2908",90
"2909",90
"2910",90
"2911",90
"2912",90
"2913",90
"2914",90
"2915",90
"2916",90
"2917",90
"2918",90
"2919",90
"2920",90
"2921",90
"2922",90
"2923",90
"2924",90
"2925",90
"2926",90
"2927",90
"2928",90
"2929",90
"2930",90
"2931",90
"2932",90
"2933",90
"2934",90
"2935",90
"2936",90
"2937",90
"2938",90
"2939",90
"2940",90
"2941",90
"2942",90
"2943",90
"2944",90
"2945",90
"2946",90
"2947",90
"2948",90
"2949",90
"2950",90
"2951",90
"2952",90
"2953",90
"2954",90
"2955",90
"2956",90
"2957",90
"2958",90
"2959",90
"2960",90
"2961",90
"2962",90
"2963",90
"2964",90
"2965",90
"2966",90
"2967",90
"2968",90
"2969",90
"2970",90
"2971",90
"2972",90
"2973",90
"2974",90
"2975",90
"2976",90
"2977",90
"2978",90
"2979",90
"2980",90
"2981",90
"2982",90
"2983",90
"2984",90
"2985",90
"2986",90
"2987",90
"2988",90
"2989",90
"2990",90
"2991",90
"2992",90
"2993",90
"2994",90
"2995",90
"2996",90
"2997",90
"2998",90
"2999",90
"3000",90
"3001",90
"3002",90
"3003",90
"3004",90
"3005",90
"3006",90
"3007",90
"3008",90
"3009",90
"3010",90
"3011",90
"3012",90
"3013",90
"3014",90
"3015",90
"3016",90
"3017",90
"3018",90
"3019",90
"3020",90
"3021",90
"3022",90
"3023",90
"3024",90
"3025",90
"3026",90
"3027",90
"3028",90
"3029",90
"3030",90
"3031",90
"3032",90
"3033",90
"3034",90
"3035",90
"3036",90
"3037",90
"3038",90
"3039",90
"3040",90
"3041",90
"3042",90
"3043",90
"3044",90
"3045",90
"3046",90
"3047",90
"3048",90
"3049",90
"3050",90
"3051",90
"3052",90
"3053",90
"3054",90
"3055",90
"3056",90
"3057",90
"3058",90
"3059",90
"3060",90
"3061",90
"3062",90
"3063",90
"3064",90
"3065",90
"3066",90
"3067",90
"3068",90
"3069",90
"3070",90
"3071",90
"3072",90
"3073",90
"3074",90
"3075",90
"3076",90
"3077",90
"3078",90
"3079",90
"3080",90
"3081",90
"3082",90
"3083",90
"3084",90
"3085",90
"3086",90
"3087",90
"3088",90
"3089",90
"3090",90
"3091",90
"3092",90
"3093",90
"3094",90
"3095",90
"3096",90
"3097",90
"3098",90
"3099",90
"3100",90
"3101",90
"3102",90
"3103",90
"3104",90
"3105",90
"3106",90
"3107",90
"3108",90
"3109",90
"3110",90
"3111",90
"3112",90
"3113",90
"3114",90
"3115",90
"3116",90
"3117",90
"3118",90
"3119",90
"3120",90
"3121",90
"3122",90
"3123",90
"3124",90
"3125",90
"3126",90
"3127",90
"3128",90
"3129",90
"3130",90
"3131",90
"3132",90
"3133",90
"3134",90
"3135",90
"3136",90
"3137",90
"3138",90
"3139",90
"3140",90
"3141",90
"3142",90
"3143",90
"3144",90
"3145",90
"3146",90
"3147",90
"3148",90
"3149",90
"3150",90
"3151",90
"3152",90
"3153",90
"3154",90
"3155",90
"3156",90
"3157",90
"3158",90
"3159",90
"3160",90
"3161",90
"3162",90
"3163",90
"3164",90
"3165",90
"3166",90
"3167",90
"3168",90
"3169",90
"3170",90
"3171",90
"3172",90
"3173",90
"3174",90
"3175",90
"3176",90
"3177",90
"3178",90
"3179",90
"3180",90
"3181",90
"3182",90
"3183",90
"3184",90
"3185",90
"3186",90
"3187",90
"3188",90
"3189",90
"3190",90
"3191",90
"3192",90
"3193",90
"3194",90
"3195",90
"3196",90
"3197",90
"3198",90
"3199",90
"3200",90
"3201",90
"3202",90
"3203",90
"3204",90
"3205",90
"3206",90
"3207",90
"3208",90
"3209",90
"3210",90
"3211",90
"3212",90
"3213",90
"3214",90
"3215",90
"3216",90
"3217",90
"3218",90
"3219",90
"3220",90
"3221",90
"3222",90
"3223",90
"3224",90
"3225",90
"3226",90
"3227",90
"3228",90
"3229",90
"3230",90
"3231",90
"3232",90
"3233",90
"3234",90
"3235",90
"3236",90
"3237",90
"3238",90
"3239",90
"3240",90
"3241",90
"3242",90
"3243",90
"3244",90
"3245",90
"3246",90
"3247",90
"3248",90
"3249",90
"3250",90
"3251",90
"3252",90
"3253",90
"3254",90
"3255",90
"3256",90
"3257",90
"3258",90
"3259",90
"3260",90
"3261",90
"3262",90
"3263",90
"3264",90
"3265",90
"3266",90
"3267",90
"3268",90
"3269",90
"3270",90
"3271",90
"3272",90
"3273",90
"3274",90
"3275",90
"3276",90
"3277",90
"3278",90
"3279",90
"3280",90
"3281",90
"3282",90
"3283",90
"3284",90
"3285",90
"3286",90
"3287",90
"3288",90
"3289",90
"3290",90
"3291",90
"3292",90
"3293",90
"3294",90
"3295",90
"3296",90
"3297",90
"3298",90
"3299",90
"3300",90
"3301",90
"3302",90
"3303",90
"3304",90
"3305",90
"3306",90
"3307",90
"3308",90
"3309",90
"3310",90
"3311",90
"3312",90
"3313",90
"3314",90
"3315",90
"3316",90
"3317",90
"3318",90
"3319",90
"3320",90
"3321",90
"3322",90
"3323",90
"3324",90
"3325",90
"3326",90
"3327",90
"3328",90
"3329",90
"3330",90
"3331",90
"3332",90
"3333",90
"3334",90
"3335",90
"3336",90
"3337",90
"3338",90
"3339",90
"3340",90
"3341",90
"3342",90
"3343",90
"3344",90
"3345",90
"3346",90
"3347",90
"3348",90
"3349",90
"3350",90
"3351",90
"3352",90
"3353",90
"3354",90
"3355",90
"3356",90
"3357",90
"3358",90
"3359",90
"3360",90
"3361",90
"3362",90
"3363",90
"3364",90
"3365",90
"3366",90
"3367",90
"3368",90
"3369",90
"3370",90
"3371",90
"3372",90
"3373",90
"3374",90
"3375",90
"3376",90
"3377",90
"3378",90
"3379",90
"3380",90
"3381",90
"3382",90
"3383",90
"3384",90
"3385",90
"3386",90
"3387",90
"3388",90
"3389",90
"3390",90
"3391",90
"3392",90
"3393",90
"3394",90
"3395",90
"3396",90
"3397",90
"3398",90
"3399",90
"3400",90
"3401",90
"3402",90
"3403",90
"3404",90
"3405",90
"3406",90
"3407",90
"3408",90
"3409",90
"3410",90
"3411",90
"3412",90
"3413",90
"3414",90
"3415",90
"3416",90
"3417",90
"3418",90
"3419",90
"3420",90
"3421",90
"3422",90
"3423",90
"3424",90
"3425",90
"3426",90
"3427",90
"3428",90
"3429",90
"3430",90
"3431",90
"3432",90
"3433",90
"3434",90
"3435",90
"3436",90
"3437",90
"3438",90
"3439",90
"3440",90
"3441",90
"3442",90
"3443",90
"3444",90
"3445",90
"3446",90
"3447",90
"3448",90
"3449",90
"3450",90
"3451",90
"3452",90
"3453",90
"3454",90
"3455",90
"3456",90
"3457",90
"3458",90
"3459",90
"3460",90
"3461",90
"3462",90
"3463",90
"3464",90
"3465",90
"3466",90
"3467",90
"3468",90
"3469",90
"3470",90
"3471",90
"3472",90
"3473",90
"3474",90
"3475",90
"3476",90
"3477",90
"3478",90
"3479",90
"3480",90
"3481",90
"3482",90
"3483",90
"3484",90
"3485",90
"3486",90
"3487",90
"3488",90
"3489",90
"3490",90
"3491",90
"3492",90
"3493",90
"3494",90
"3495",90
"3496",90
"3497",90
"3498",90
"3499",90
"3500",90
"3501",90
"3502",90
"3503",90
"3504",90
"3505",90
"3506",90
"3507",90
"3508",90
"3509",90
"3510",90
"3511",90
"3512",90
"3513",90
"3514",90
"3515",90
"3516",90
"3517",90
"3518",90
"3519",90
"3520",90
"3521",90
"3522",90
"3523",90
"3524",90
"3525",90
"3526",90
"3527",90
"3528",90
"3529",90
"3530",90
"3531",90
"3532",90
"3533",90
"3534",90
"3535",90
"3536",90
"3537",90
"3538",90
"3539",90
"3540",90
"3541",90
"3542",90
"3543",90
"3544",90
"3545",90
"3546",90
"3547",90
"3548",90
"3549",90
"3550",90
"3551",90
"3552",90
"3553",90
"3554",90
"3555",90
"3556",90
"3557",90
"3558",90
"3559",90
"3560",90
"3561",90
"3562",90
"3563",90
"3564",90
"3565",90
"3566",90
"3567",90
"3568",90
"3569",90
"3570",90
"3571",90
"3572",90
"3573",90
"3574",90
"3575",90
"3576",90
"3577",90
"3578",90
"3579",90
"3580",90
"3581",90
"3582",90
"3583",90
"3584",90
"3585",90
"3586",90
"3587",90
"3588",90
"3589",90
"3590",90
"3591",90
"3592",90
"3593",90
"3594",90
"3595",90
"3596",90
"3597",90
"3598",90
"3599",90
"3600",90
"3601",90
"3602",90
"3603",90
"3604",90
"3605",90
"3606",90
"3607",90
"3608",90
"3609",90
"3610",90
"3611",90
"3612",90
"3613",90
"3614",90
"3615",90
"3616",90
"3617",90
"3618",90
"3619",90
"3620",90
"3621",90
"3622",90
"3623",90
"3624",90
"3625",90
"3626",90
"3627",90
"3628",90
"3629",90
"3630",90
"3631",90
"3632",90
"3633",90
"3634",90
"3635",90
"3636",90
"3637",90
"3638",90
"3639",90
"3640",90
"3641",90
"3642",90
"3643",90
"3644",90
"3645",90
"3646",90
"3647",90
"3648",90
"3649",90
"3650",90
"3651",90
"3652",90
"3653",90
"3654",90
"3655",90
"3656",90
"3657",90
"3658",90
"3659",90
"3660",90
"3661",90
"3662",90
"3663",90
"3664",90
"3665",90
"3666",90
"3667",90
"3668",90
"3669",90
"3670",90
"3671",90
"3672",90
"3673",90
"3674",90
"3675",90
"3676",90
"3677",90
"3678",90
"3679",90
"3680",90
"3681",90
"3682",90
"3683",90
"3684",90
"3685",90
"3686",90
"3687",90
"3688",90
"3689",90
"3690",90
"3691",90
"3692",90
"3693",90
"3694",90
"3695",90
"3696",90
"3697",90
"3698",90
"3699",90
"3700",90
"3701",90
"3702",90
"3703",90
"3704",90
"3705",90
"3706",90
"3707",90
"3708",90
"3709",90
"3710",90
"3711",90
"3712",90
"3713",90
"3714",90
"3715",90
"3716",90
"3717",90
"3718",90
"3719",90
"3720",90
"3721",90
"3722",90
"3723",90
"3724",90
"3725",90
"3726",90
"3727",90
"3728",90
"3729",90
"3730",90
"3731",90
"3732",90
"3733",90
"3734",90
"3735",90
"3736",90
"3737",90
"3738",90
"3739",90
"3740",90
"3741",90
"3742",90
"3743",90
"3744",90
"3745",90
"3746",90
"3747",90
"3748",90
"3749",90
"3750",90
"3751",90
"3752",90
"3753",90
"3754",90
"3755",90
"3756",90
"3757",90
"3758",90
"3759",90
"3760",90
"3761",90
"3762",90
"3763",90
"3764",90
"3765",90
"3766",90
"3767",90
"3768",90
"3769",90
"3770",90
"3771",90
"3772",90
"3773",90
"3774",90
"3775",90
"3776",90
"3777",90
"3778",90
"3779",90
"3780",90
"3781",90
"3782",90
"3783",90
"3784",90
"3785",90
"3786",90
"3787",90
"3788",90
"3789",90
"3790",90
"3791",90
"3792",90
"3793",90
"3794",90
"3795",90
"3796",90
"3797",90
"3798",90
"3799",90
"3800",90
"3801",90
"3802",90
"3803",90
"3804",90
"3805",90
"3806",90
"3807",90
"3808",90
"3809",90
"3810",90
"3811",90
"3812",90
"3813",90
"3814",90
"3815",90
"3816",90
"3817",90
"3818",90
"3819",90
"3820",90
"3821",90
"3822",90
"3823",90
"3824",90
"3825",90
"3826",90
"3827",90
"3828",90
"3829",90
"3830",90
"3831",90
"3832",90
"3833",90
"3834",90
"3835",90
"3836",90
"3837",90
"3838",90
"3839",90
"3840",90
"3841",90
"3842",90
"3843",90
"3844",90
"3845",90
"3846",90
"3847",90
"3848",90
"3849",90
"3850",90
"3851",90
"3852",90
"3853",90
"3854",90
"3855",90
"3856",90
"3857",90
"3858",90
"3859",90
"3860",90
"3861",90
"3862",90
"3863",90
"3864",90
"3865",90
"3866",90
"3867",90
"3868",90
"3869",90
"3870",90
"3871",90
"3872",90
"3873",90
"3874",90
"3875",90
"3876",90
"3877",90
"3878",90
"3879",90
"3880",90
"3881",90
"3882",90
"3883",90
"3884",90
"3885",90
"3886",90
"3887",90
"3888",90
"3889",90
"3890",90
"3891",90
"3892",90
"3893",90
"3894",90
"3895",90
"3896",90
"3897",90
"3898",90
"3899",90
"3900",90
"3901",90
"3902",90
"3903",90
"3904",90
"3905",90
"3906",90
"3907",90
"3908",90
"3909",90
"3910",90
"3911",90
"3912",90
"3913",90
"3914",90
"3915",90
"3916",90
"3917",90
"3918",90
"3919",90
"3920",90
"3921",90
"3922",90
"3923",90
"3924",90
"3925",90
"3926",90
"3927",90
"3928",90
"3929",90
"3930",90
"3931",90
"3932",90
"3933",90
"3934",90
"3935",90
"3936",90
"3937",90
"3938",90
"3939",90
"3940",90
"3941",90
"3942",90
"3943",90
"3944",90
"3945",90
"3946",90
"3947",90
"3948",90
"3949",90
"3950",90
"3951",90
"3952",90
"3953",90
"3954",90
"3955",90
"3956",90
"3957",90
"3958",90
"3959",90
"3960",90
"3961",90
"3962",90
"3963",90
"3964",90
"3965",90
"3966",90
"3967",90
"3968",90
"3969",90
"3970",90
"3971",90
"3972",90
"3973",90
"3974",90
"3975",90
"3976",90
"3977",90
"3978",90
"3979",90
"3980",90
"3981",90
"3982",90
"3983",90
"3984",90
"3985",90
"3986",90
"3987",90
"3988",90
"3989",90
"3990",90
"3991",90
"3992",90
"3993",90
"3994",90
"3995",90
"3996",90
"3997",90
"3998",90
"3999",90
"4000",90
"4001",90
"4002",90
"4003",90
"4004",90
"4005",90
"4006",90
"4007",90
"4008",90
"4009",90
"4010",90
"4011",90
"4012",90
"4013",90
"4014",90
"4015",90
"4016",90
"4017",90
"4018",90
"4019",90
"4020",90
"4021",90
"4022",90
"4023",90
"4024",90
"4025",90
"4026",90
"4027",90
"4028",90
"4029",90
"4030",90
"4031",90
"4032",90
"4033",90
"4034",90
"4035",90
"4036",90
"4037",90
"4038",90
"4039",90
"4040",90
"4041",90
"4042",90
"4043",90
"4044",90
"4045",90
"4046",90
"4047",90
"4048",90
"4049",90
"4050",90
"4051",90
"4052",90
"4053",90
"4054",90
"4055",90
"4056",90
"4057",90
"4058",90
"4059",90
"4060",90
"4061",90
"4062",90
"4063",90
"4064",90
"4065",90
"4066",90
"4067",90
"4068",90
"4069",90
"4070",90
"4071",90
"4072",90
"4073",90
"4074",90
"4075",90
"4076",90
"4077",90
"4078",90
"4079",90
"4080",90
"4081",90
"4082",90
"4083",90
"4084",90
"4085",90
"4086",90
"4087",90
"4088",90
"4089",90
"4090",90
"4091",90
"4092",90
"4093",90
"4094",90
"4095",90
"4096",90
"4097",90
"4098",90
"4099",90
"4100",90
"4101",90
"4102",90
"4103",90
"4104",90
"4105",90
"4106",90
"4107",90
"4108",90
"4109",90
"4110",90
"4111",90
"4112",90
"4113",90
"4114",90
"4115",90
"4116",90
"4117",90
"4118",90
"4119",90
"4120",90
"4121",90
"4122",90
"4123",90
"4124",90
"4125",90
"4126",90
"4127",90
"4128",90
"4129",90
"4130",90
"4131",90
"4132",90
"4133",90
"4134",90
"4135",90
"4136",90
"4137",90
"4138",90
"4139",90
"4140",90
"4141",90
"4142",90
"4143",90
"4144",90
"4145",90
"4146",90
"4147",90
"4148",90
"4149",90
"4150",90
"4151",90
"4152",90
"4153",90
"4154",90
"4155",90
"4156",90
"4157",90
"4158",90
"4159",90
"4160",90
"4161",90
"4162",90
"4163",90
"4164",90
"4165",90
"4166",90
"4167",90
"4168",90
"4169",90
"4170",90
"4171",90
"4172",90
"4173",90
"4174",90
"4175",90
"4176",90
"4177",90
"4178",90
"4179",90
"4180",90
"4181",90
"4182",90
"4183",90
"4184",90
"4185",90
"4186",90
"4187",90
"4188",90
"4189",90
"4190",90
"4191",90
"4192",90
"4193",90
"4194",90
"4195",90
"4196",90
"4197",90
"4198",90
"4199",90
"4200",90
"4201",90
"4202",90
"4203",90
"4204",90
"4205",90
"4206",90
"4207",90
"4208",90
"4209",90
"4210",90
"4211",90
"4212",90
"4213",90
"4214",90
"4215",90
"4216",90
"4217",90
"4218",90
"4219",90
"4220",90
"4221",90
"4222",90
"4223",90
"4224",90
"4225",90
"4226",90
"4227",90
"4228",90
"4229",90
"4230",90
"4231",90
"4232",90
"4233",90
"4234",90
"4235",90
"4236",90
"4237",90
"4238",90
"4239",90
"4240",90
"4241",90
"4242",90
"4243",90
"4244",90
"4245",90
"4246",90
"4247",90
"4248",90
"4249",90
"4250",90
"4251",90
"4252",90
"4253",90
"4254",90
"4255",90
"4256",90
"4257",90
"4258",90
"4259",90
"4260",90
"4261",90
"4262",90
"4263",90
"4264",90
"4265",90
"4266",90
"4267",90
"4268",90
"4269",90
"4270",90
"4271",90
"4272",90
"4273",90
"4274",90
"4275",90
"4276",90
"4277",90
"4278",90
"4279",90
"4280",90
"4281",90
"4282",90
"4283",90
"4284",90
"4285",90
"4286",90
"4287",90
"4288",90
"4289",90
"4290",90
"4291",90
"4292",90
"4293",90
"4294",90
"4295",90
"4296",90
"4297",90
"4298",90
"4299",90
"4300",90
"4301",90
"4302",90
"4303",90
"4304",90
"4305",90
"4306",90
"4307",90
"4308",90
"4309",90
"4310",90
"4311",90
"4312",90
"4313",90
"4314",90
"4315",90
"4316",90
"4317",90
"4318",90
"4319",90
"4320",90
"4321",90
"4322",90
"4323",90
"4324",90
"4325",90
"4326",90
"4327",90
"4328",90
"4329",90
"4330",90
"4331",90
"4332",90
"4333",90
"4334",90
"4335",90
"4336",90
"4337",90
"4338",90
"4339",90
"4340",90
"4341",90
"4342",90
"4343",90
"4344",90
"4345",90
"4346",90
"4347",90
"4348",90
"4349",90
"4350",90
"4351",90
"4352",90
"4353",90
"4354",90
"4355",90
"4356",90
"4357",90
"4358",90
"4359",90
"4360",90
"4361",90
"4362",90
"4363",90
"4364",90
"4365",90
"4366",90
"4367",90
"4368",90
"4369",90
"4370",90
"4371",90
"4372",90
"4373",90
"4374",90
"4375",90
"4376",90
"4377",90
"4378",90
"4379",90
"4380",90
"4381",90
"4382",90
"4383",90
"4384",90
"4385",90
"4386",90
"4387",90
"4388",90
"4389",90
"4390",90
"4391",90
"4392",90
"4393",90
"4394",90
"4395",90
"4396",90
"4397",90
"4398",90
"4399",90
"4400",90
"4401",90
"4402",90
"4403",90
"4404",90
"4405",90
"4406",90
"4407",90
"4408",90
"4409",90
"4410",90
"4411",90
"4412",90
"4413",90
"4414",90
"4415",90
"4416",90
"4417",90
"4418",90
"4419",90
"4420",90
"4421",90
"4422",90
"4423",90
"4424",90
"4425",90
"4426",90
"4427",90
"4428",90
"4429",90
"4430",90
"4431",90
"4432",90
"4433",90
"4434",90
"4435",90
"4436",90
"4437",90
"4438",90
"4439",90
"4440",90
"4441",90
"4442",90
"4443",90
"4444",90
"4445",90
"4446",90
"4447",90
"4448",90
"4449",90
"4450",90
"4451",90
"4452",90
"4453",90
"4454",90
"4455",90
"4456",90
"4457",90
"4458",90
"4459",90
"4460",90
"4461",90
"4462",90
"4463",90
"4464",90
"4465",90
"4466",90
"4467",90
"4468",90
"4469",90
"4470",90
"4471",90
"4472",90
"4473",90
"4474",90
"4475",90
"4476",90
"4477",90
"4478",90
"4479",90
"4480",90
"4481",90
"4482",90
"4483",90
"4484",90
"4485",90
"4486",90
"4487",90
"4488",90
"4489",90
"4490",90
"4491",90
"4492",90
"4493",90
"4494",90
"4495",90
"4496",90
"4497",90
"4498",90
"4499",90
"4500",90
"4501",90
"4502",90
"4503",90
"4504",90
"4505",90
"4506",90
"4507",90
"4508",90
"4509",90
"4510",90
"4511",90
"4512",90
"4513",90
"4514",90
"4515",90
"4516",90
"4517",90
"4518",90
"4519",90
"4520",90
"4521",90
"4522",90
"4523",90
"4524",90
"4525",90
"4526",90
"4527",90
"4528",90
"4529",90
"4530",90
"4531",90
"4532",90
"4533",90
"4534",90
"4535",90
"4536",90
"4537",90
"4538",90
"4539",90
"4540",90
"4541",90
"4542",90
"4543",90
"4544",90
"4545",90
"4546",90
"4547",90
"4548",90
"4549",90
"4550",90
"4551",90
"4552",90
"4553",90
"4554",90
"4555",90
"4556",90
"4557",90
"4558",90
"4559",90
"4560",90
"4561",90
"4562",90
"4563",90
"4564",90
"4565",90
"4566",90
"4567",90
"4568",90
"4569",90
"4570",90
"4571",90
"4572",90
"4573",90
"4574",90
"4575",90
"4576",90
"4577",90
"4578",90
"4579",90
"4580",90
"4581",90
"4582",90
"4583",90
"4584",90
"4585",90
"4586",90
"4587",90
"4588",90
"4589",90
"4590",90
"4591",90
"4592",90
"4593",90
"4594",90
"4595",90
"4596",90
"4597",90
"4598",90
"4599",90
"4600",90
"4601",90
"4602",90
"4603",90
"4604",90
"4605",90
"4606",90
"4607",90
"4608",90
"4609",90
"4610",90
"4611",90
"4612",90
"4613",90
"4614",90
"4615",90
"4616",90
"4617",90
"4618",90
"4619",90
"4620",90
"4621",90
"4622",90
"4623",90
"4624",90
"4625",90
"4626",90
"4627",90
"4628",90
"4629",90
"4630",90
"4631",90
"4632",90
"4633",90
"4634",90
"4635",90
"4636",90
"4637",90
"4638",90
"4639",90
"4640",90
"4641",90
"4642",90
"4643",90
"4644",90
"4645",90
"4646",90
"4647",90
"4648",90
"4649",90
"4650",90
"4651",90
"4652",90
"4653",90
"4654",90
"4655",90
"4656",90
"4657",90
"4658",90
"4659",90
"4660",90
"4661",90
"4662",90
"4663",90
"4664",90
"4665",90
"4666",90
"4667",90
"4668",90
"4669",90
"4670",90
"4671",90
"4672",90
"4673",90
"4674",90
"4675",90
"4676",90
"4677",90
"4678",90
"4679",90
"4680",90
"4681",90
"4682",90
"4683",90
"4684",90
"4685",90
"4686",90
"4687",90
"4688",90
"4689",90
"4690",90
"4691",90
"4692",90
"4693",90
"4694",90
"4695",90
"4696",90
"4697",90
"4698",90
"4699",90
"4700",90
"4701",90
"4702",90
"4703",90
"4704",90
"4705",90
"4706",90
"4707",90
"4708",90
"4709",90
"4710",90
"4711",90
"4712",90
"4713",90
"4714",90
"4715",90
"4716",90
"4717",90
"4718",90
"4719",90
"4720",90
"4721",90
"4722",90
"4723",90
"4724",90
"4725",90
"4726",90
"4727",90
"4728",90
"4729",90
"4730",90
"4731",90
"4732",90
"4733",90
"4734",90
"4735",90
"4736",90
"4737",90
"4738",90
"4739",90
"4740",90
"4741",90
"4742",90
"4743",90
"4744",90
"4745",90
"4746",90
"4747",90
"4748",90
"4749",90
"4750",90
"4751",90
"4752",90
"4753",90
"4754",90
"4755",90
"4756",90
"4757",90
"4758",90
"4759",90
"4760",90
"4761",90
"4762",90
"4763",90
"4764",90
"4765",90
"4766",90
"4767",90
"4768",90
"4769",90
"4770",90
"4771",90
"4772",90
"4773",90
"4774",90
"4775",90
"4776",90
"4777",90
"4778",90
"4779",90
"4780",90
"4781",90
"4782",90
"4783",90
"4784",90
"4785",90
"4786",90
"4787",90
"4788",90
"4789",90
"4790",90
"4791",90
"4792",90
"4793",90
"4794",90
"4795",90
"4796",90
"4797",90
"4798",90
"4799",90
"4800",90
"4801",90
"4802",90
"4803",90
"4804",90
"4805",90
"4806",90
"4807",90
"4808",90
"4809",90
"4810",90
"4811",90
"4812",90
"4813",90
"4814",90
"4815",90
"4816",90
"4817",90
"4818",90
"4819",90
"4820",90
"4821",90
"4822",90
"4823",90
"4824",90
"4825",90
"4826",90
"4827",90
"4828",90
"4829",90
"4830",90
"4831",90
"4832",90
"4833",90
"4834",90
"4835",90
"4836",90
"4837",90
"4838",90
"4839",90
"4840",90
"4841",90
"4842",90
"4843",90
"4844",90
"4845",90
"4846",90
"4847",90
"4848",90
"4849",90
"4850",90
"4851",90
"4852",90
"4853",90
"4854",90
"4855",90
"4856",90
"4857",90
"4858",90
"4859",90
"4860",90
"4861",90
"4862",90
"4863",90
"4864",90
"4865",90
"4866",90
"4867",90
"4868",90
"4869",90
"4870",90
"4871",90
"4872",90
"4873",90
"4874",90
"4875",90
"4876",90
"4877",90
"4878",90
"4879",90
"4880",90
"4881",90
"4882",90
"4883",90
"4884",90
"4885",90
"4886",90
"4887",90
"4888",90
"4889",90
"4890",90
"4891",90
"4892",90
"4893",90
"4894",90
"4895",90
"4896",90
"4897",90
"4898",90
"4899",90
"4900",90
"4901",90
"4902",90
"4903",90
"4904",90
"4905",90
"4906",90
"4907",90
"4908",90
"4909",90
"4910",90
"4911",90
"4912",90
"4913",90
"4914",90
"4915",90
"4916",90
"4917",90
"4918",90
"4919",90
"4920",90
"4921",90
"4922",90
"4923",90
"4924",90
"4925",90
"4926",90
"4927",90
"4928",90
"4929",90
"4930",90
"4931",90
"4932",90
"4933",90
"4934",90
"4935",90
"4936",90
"4937",90
"4938",90
"4939",90
"4940",90
"4941",90
"4942",90
"4943",90
"4944",90
"4945",90
"4946",90
"4947",90
"4948",90
"4949",90
"4950",90
"4951",90
"4952",90
"4953",90
"4954",90
"4955",90
"4956",90
"4957",90
"4958",90
"4959",90
"4960",90
"4961",90
"4962",90
"4963",90
"4964",90
"4965",90
"4966",90
"4967",90
"4968",90
"4969",90
"4970",90
"4971",90
"4972",90
"4973",90
"4974",90
"4975",90
"4976",90
"4977",90
"4978",90
"4979",90
"4980",90
"4981",90
"4982",90
"4983",90
"4984",90
"4985",90
"4986",90
"4987",90
"4988",90
"4989",90
"4990",90
"4991",90
"4992",90
"4993",90
"4994",90
"4995",90
"4996",90
"4997",90
"4998",90
"4999",90
"5000",90
"5001",90
"5002",90
"5003",90
"5004",90
"5005",90
"5006",90
"5007",90
"5008",90
"5009",90
"5010",90
"5011",90
"5012",90
"5013",90
"5014",90
"5015",90
"5016",90
"5017",90
"5018",90
"5019",90
"5020",90
"5021",90
"5022",90
"5023",90
"5024",90
"5025",90
"5026",90
"5027",90
"5028",90
"5029",90
"5030",90
"5031",90
"5032",90
"5033",90
"5034",90
"5035",90
"5036",90
"5037",90
"5038",90
"5039",90
"5040",90
"5041",90
"5042",90
"5043",90
"5044",90
"5045",90
"5046",90
"5047",90
"5048",90
"5049",90
"5050",90
"5051",90
"5052",90
"5053",90
"5054",90
"5055",90
"5056",90
"5057",90
"5058",90
"5059",90
"5060",90
"5061",90
"5062",90
"5063",90
"5064",90
"5065",90
"5066",90
"5067",90
"5068",90
"5069",90
"5070",90
"5071",90
"5072",90
"5073",90
"5074",90
"5075",90
"5076",90
"5077",90
"5078",90
"5079",90
"5080",90
"5081",90
"5082",90
"5083",90
"5084",90
"5085",90
"5086",90
"5087",90
"5088",90
"5089",90
"5090",90
"5091",90
"5092",90
"5093",90
"5094",90
"5095",90
"5096",90
"5097",90
"5098",90
"5099",90
"5100",90
"5101",90
"5102",90
"5103",90
"5104",90
"5105",90
"5106",90
"5107",90
"5108",90
"5109",90
"5110",90
"5111",90
"5112",90
"5113",90
"5114",90
"5115",90
"5116",90
"5117",90
"5118",90
"5119",90
"5120",90
"5121",90
"5122",90
"5123",90
"5124",90
"5125",90
"5126",90
"5127",90
"5128",90
"5129",90
"5130",90
"5131",90
"5132",90
"5133",90
"5134",90
"5135",90
"5136",90
"5137",90
"5138",90
"5139",90
"5140",90
"5141",90
"5142",90
"5143",90
"5144",90
"5145",90
"5146",90
"5147",90
"5148",90
"5149",90
"5150",90
"5151",90
"5152",90
"5153",90
"5154",90
"5155",90
"5156",90
"5157",90
"5158",90
"5159",90
"5160",90
"5161",90
"5162",90
"5163",90
"5164",90
"5165",90
"5166",90
"5167",90
"5168",90
"5169",90
"5170",90
"5171",90
"5172",90
"5173",90
"5174",90
"5175",90
"5176",90
"5177",90
"5178",90
"5179",90
"5180",90
"5181",90
"5182",90
"5183",90
"5184",90
"5185",90
"5186",90
"5187",90
"5188",90
"5189",90
"5190",90
"5191",90
"5192",90
"5193",90
"5194",90
"5195",90
"5196",90
"5197",90
"5198",90
"5199",90
"5200",90
"5201",90
"5202",90
"5203",90
"5204",90
"5205",90
"5206",90
"5207",90
"5208",90
"5209",90
"5210",90
"5211",90
"5212",90
"5213",90
"5214",90
"5215",90
"5216",90
"5217",90
"5218",90
"5219",90
"5220",90
"5221",90
"5222",90
"5223",90
"5224",90
"5225",90
"5226",90
"5227",90
"5228",90
"5229",90
"5230",90
"5231",90
"5232",90
"5233",90
"5234",90
"5235",90
"5236",90
"5237",90
"5238",90
"5239",90
"5240",90
"5241",90
"5242",90
"5243",90
"5244",90
"5245",90
"5246",90
"5247",90
"5248",90
"5249",90
"5250",90
"5251",90
"5252",90
"5253",90
"5254",90
"5255",90
"5256",90
"5257",90
"5258",90
"5259",90
"5260",90
"5261",90
"5262",90
"5263",90
"5264",90
"5265",90
"5266",90
"5267",90
"5268",90
"5269",90
"5270",90
"5271",90
"5272",90
"5273",90
"5274",90
"5275",90
"5276",90
"5277",90
"5278",90
"5279",90
"5280",90
"5281",90
"5282",90
"5283",90
"5284",90
"5285",90
"5286",90
"5287",90
"5288",90
"5289",90
"5290",90
"5291",90
"5292",90
"5293",90
"5294",90
"5295",90
"5296",90
"5297",90
"5298",90
"5299",90
"5300",90
"5301",90
"5302",90
"5303",90
"5304",90
"5305",90
"5306",90
"5307",90
"5308",90
"5309",90
"5310",90
"5311",90
"5312",90
"5313",90
"5314",90
"5315",90
"5316",90
"5317",90
"5318",90
"5319",90
"5320",90
"5321",90
"5322",90
"5323",90
"5324",90
"5325",90
"5326",90
"5327",90
"5328",90
"5329",90
"5330",90
"5331",90
"5332",90
"5333",90
"5334",90
"5335",90
"5336",90
"5337",90
"5338",90
"5339",90
"5340",90
"5341",90
"5342",90
"5343",90
"5344",90
"5345",90
"5346",90
"5347",90
"5348",90
"5349",90
"5350",90
"5351",90
"5352",90
"5353",90
"5354",90
"5355",90
"5356",90
"5357",90
"5358",90
"5359",90
"5360",90
"5361",90
"5362",90
"5363",90
"5364",90
"5365",90
"5366",90
"5367",90
"5368",90
"5369",90
"5370",90
"5371",90
"5372",90
"5373",90
"5374",90
"5375",90
"5376",90
"5377",90
"5378",90
"5379",90
"5380",90
"5381",90
"5382",90
"5383",90
"5384",90
"5385",90
"5386",90
"5387",90
"5388",90
"5389",90
"5390",90
"5391",90
"5392",90
"5393",90
"5394",90
"5395",90
"5396",90
"5397",90
"5398",90
"5399",90
"5400",90
"5401",90
"5402",90
"5403",90
"5404",90
"5405",90
"5406",90
"5407",90
"5408",90
"5409",90
"5410",90
"5411",90
"5412",90
"5413",90
"5414",90
"5415",90
"5416",90
"5417",90
"5418",90
"5419",90
"5420",90
"5421",90
"5422",90
"5423",90
"5424",90
"5425",90
"5426",90
"5427",90
"5428",90
"5429",90
"5430",90
"5431",90
"5432",90
"5433",90
"5434",90
"5435",90
"5436",90
"5437",90
"5438",90
"5439",90
"5440",90
"5441",90
"5442",90
"5443",90
"5444",90
"5445",90
"5446",90
"5447",90
"5448",90
"5449",90
"5450",90
"5451",90
"5452",90
"5453",90
"5454",90
"5455",90
"5456",90
"5457",90
"5458",90
"5459",90
"5460",90
"5461",90
"5462",90
"5463",90
"5464",90
"5465",90
"5466",90
"5467",90
"5468",90
"5469",90
"5470",90
"5471",90
"5472",90
"5473",90
"5474",90
"5475",90
"5476",90
"5477",90
"5478",90
"5479",90
"5480",90
"5481",90
"5482",90
"5483",90
"5484",90
"5485",90
"5486",90
"5487",90
"5488",90
"5489",90
"5490",90
"5491",90
"5492",90
"5493",90
"5494",90
"5495",90
"5496",90
"5497",90
"5498",90
"5499",90
"5500",90
"5501",90
"5502",90
"5503",90
"5504",90
"5505",90
"5506",90
"5507",90
"5508",90
"5509",90
"5510",90
"5511",90
"5512",90
"5513",90
"5514",90
"5515",90
"5516",90
"5517",90
"5518",90
"5519",90
"5520",90
"5521",90
"5522",90
"5523",90
"5524",90
"5525",90
"5526",90
"5527",90
"5528",90
"5529",90
"5530",90
"5531",90
"5532",90
"5533",90
"5534",90
"5535",90
"5536",90
"5537",90
"5538",90
"5539",90
"5540",90
"5541",90
"5542",90
"5543",90
"5544",90
"5545",90
"5546",90
"5547",90
"5548",90
"5549",90
"5550",90
"5551",90
"5552",90
"5553",90
"5554",90
"5555",90
"5556",90
"5557",90
"5558",90
"5559",90
"5560",90
"5561",90
"5562",90
"5563",90
"5564",90
"5565",90
"5566",90
"5567",90
"5568",90
"5569",90
"5570",90
"5571",90
"5572",90
"5573",90
"5574",90
"5575",90
"5576",90
"5577",90
"5578",90
"5579",90
"5580",90
"5581",90
"5582",90
"5583",90
"5584",90
"5585",90
"5586",90
"5587",90
"5588",90
"5589",90
"5590",90
"5591",90
"5592",90
"5593",90
"5594",90
"5595",90
"5596",90
"5597",90
"5598",90
"5599",90
"5600",90
"5601",90
"5602",90
"5603",90
"5604",90
"5605",90
"5606",90
"5607",90
"5608",90
"5609",90
"5610",90
"5611",90
"5612",90
"5613",90
"5614",90
"5615",90
"5616",90
"5617",90
"5618",90
"5619",90
"5620",90
"5621",90
"5622",90
"5623",90
"5624",90
"5625",90
"5626",90
"5627",90
"5628",90
"5629",90
"5630",90
"5631",90
"5632",90
"5633",90
"5634",90
"5635",90
"5636",90
"5637",90
"5638",90
"5639",90
"5640",90
"5641",90
"5642",90
"5643",90
"5644",90
"5645",90
"5646",90
"5647",90
"5648",90
"5649",90
"5650",90
"5651",90
"5652",90
"5653",90
"5654",90
"5655",90
"5656",90
"5657",90
"5658",90
"5659",90
"5660",90
"5661",90
"5662",90
"5663",90
"5664",90
"5665",90
"5666",90
"5667",90
"5668",90
"5669",90
"5670",90
"5671",90
"5672",90
"5673",90
"5674",90
"5675",90
"5676",90
"5677",90
"5678",90
"5679",90
"5680",90
"5681",90
"5682",90
"5683",90
"5684",90
"5685",90
"5686",90
"5687",90
"5688",90
"5689",90
"5690",90
"5691",90
"5692",90
"5693",90
"5694",90
"5695",90
"5696",90
"5697",90
"5698",90
"5699",90
"5700",90
"5701",90
"5702",90
"5703",90
"5704",90
"5705",90
"5706",90
"5707",90
"5708",90
"5709",90
"5710",90
"5711",90
"5712",90
"5713",90
"5714",90
"5715",90
"5716",90
"5717",90
"5718",90
"5719",90
"5720",90
"5721",90
"5722",90
"5723",90
"5724",90
"5725",90
"5726",90
"5727",90
"5728",90
"5729",90
"5730",90
"5731",90
"5732",90
"5733",90
"5734",90
"5735",90
"5736",90
"5737",90
"5738",90
"5739",90
"5740",90
"5741",90
"5742",90
"5743",90
"5744",90
"5745",90
"5746",90
"5747",90
"5748",90
"5749",90
"5750",90
"5751",90
"5752",90
"5753",90
"5754",90
"5755",90
"5756",90
"5757",90
"5758",90
"5759",90
"5760",90
"5761",90
"5762",90
"5763",90
"5764",90
"5765",90
"5766",90
"5767",90
"5768",90
"5769",90
"5770",90
"5771",90
"5772",90
"5773",90
"5774",90
"5775",90
"5776",90
"5777",90
"5778",90
"5779",90
"5780",90
"5781",90
"5782",90
"5783",90
"5784",90
"5785",90
"5786",90
"5787",90
"5788",90
"5789",90
"5790",90
"5791",90
"5792",90
"5793",90
"5794",90
"5795",90
"5796",90
"5797",90
"5798",90
"5799",90
"5800",90
"5801",90
"5802",90
"5803",90
"5804",90
"5805",90
"5806",90
"5807",90
"5808",90
"5809",90
"5810",90
"5811",90
"5812",90
"5813",90
"5814",90
"5815",90
"5816",90
"5817",90
"5818",90
"5819",90
"5820",90
"5821",90
"5822",90
"5823",90
"5824",90
"5825",90
"5826",90
"5827",90
"5828",90
"5829",90
"5830",90
"5831",90
"5832",90
"5833",90
"5834",90
"5835",90
"5836",90
"5837",90
"5838",90
"5839",90
"5840",90
"5841",90
"5842",90
"5843",90
"5844",90
"5845",90
"5846",90
"5847",90
"5848",90
"5849",90
"5850",90
"5851",90
"5852",90
"5853",90
"5854",90
"5855",90
"5856",90
"5857",90
"5858",90
"5859",90
"5860",90
"5861",90
"5862",90
"5863",90
"5864",90
"5865",90
"5866",90
"5867",90
"5868",90
"5869",90
"5870",90
"5871",90
"5872",90
"5873",90
"5874",90
"5875",90
"5876",90
"5877",90
"5878",90
"5879",90
"5880",90
"5881",90
"5882",90
"5883",90
"5884",90
"5885",90
"5886",90
"5887",90
"5888",90
"5889",90
"5890",90
"5891",90
"5892",90
"5893",90
"5894",90
"5895",90
"5896",90
"5897",90
"5898",90
"5899",90
"5900",90
"5901",90
"5902",90
"5903",90
"5904",90
"5905",90
"5906",90
"5907",90
"5908",90
"5909",90
"5910",90
"5911",90
"5912",90
"5913",90
"5914",90
"5915",90
"5916",90
"5917",90
"5918",90
"5919",90
"5920",90
"5921",90
"5922",90
"5923",90
"5924",90
"5925",90
"5926",90
"5927",90
"5928",90
"5929",90
"5930",90
"5931",90
"5932",90
"5933",90
"5934",90
"5935",90
"5936",90
"5937",90
"5938",90
"5939",90
"5940",90
"5941",90
"5942",90
"5943",90
"5944",90
"5945",90
"5946",90
"5947",90
"5948",90
"5949",90
"5950",90
"5951",90
"5952",90
"5953",90
"5954",90
"5955",90
"5956",90
"5957",90
"5958",90
"5959",90
"5960",90
"5961",90
"5962",90
"5963",90
"5964",90
"5965",90
"5966",90
"5967",90
"5968",90
"5969",90
"5970",90
"5971",90
"5972",90
"5973",90
"5974",90
"5975",90
"5976",90
"5977",90
"5978",90
"5979",90
"5980",90
"5981",90
"5982",90
"5983",90
"5984",90
"5985",90
"5986",90
"5987",90
"5988",90
"5989",90
"5990",90
"5991",90
"5992",90
"5993",90
"5994",90
"5995",90
"5996",90
"5997",90
"5998",90
"5999",90
"6000",90
"6001",90
"6002",90
"6003",90
"6004",90
"6005",90
"6006",90
"6007",90
"6008",90
"6009",90
"6010",90
"6011",90
"6012",90
"6013",90
"6014",90
"6015",90
"6016",90
"6017",90
"6018",90
"6019",90
"6020",90
"6021",90
"6022",90
"6023",90
"6024",90
"6025",90
"6026",90
"6027",90
"6028",90
"6029",90
"6030",90
"6031",90
"6032",90
"6033",90
"6034",90
"6035",90
"6036",90
"6037",90
"6038",90
"6039",90
"6040",90
"6041",90
"6042",90
"6043",90
"6044",90
"6045",90
"6046",90
"6047",90
"6048",90
"6049",90
"6050",90
"6051",90
"6052",90
"6053",90
"6054",90
"6055",90
"6056",90
"6057",90
"6058",90
"6059",90
"6060",90
"6061",90
"6062",90
"6063",90
"6064",90
"6065",90
"6066",90
"6067",90
"6068",90
"6069",90
"6070",90
"6071",90
"6072",90
"6073",90
"6074",90
"6075",90
"6076",90
"6077",90
"6078",90
"6079",90
"6080",90
"6081",90
"6082",90
"6083",90
"6084",90
"6085",90
"6086",90
"6087",90
"6088",90
"6089",90
"6090",90
"6091",90
"6092",90
"6093",90
"6094",90
"6095",90
"6096",90
"6097",90
"6098",90
"6099",90
"6100",90
"6101",90
"6102",90
"6103",90
"6104",90
"6105",90
"6106",90
"6107",90
"6108",90
"6109",90
"6110",90
"6111",90
"6112",90
"6113",90
"6114",90
"6115",90
"6116",90
"6117",90
"6118",90
"6119",90
"6120",90
"6121",90
"6122",90
"6123",90
"6124",90
"6125",90
"6126",90
"6127",90
"6128",90
"6129",90
"6130",90
"6131",90
"6132",90
"6133",90
"6134",90
"6135",90
"6136",90
"6137",90
"6138",90
"6139",90
"6140",90
"6141",90
"6142",90
"6143",90
"6144",90
"6145",90
"6146",90
"6147",90
"6148",90
"6149",90
"6150",90
"6151",90
"6152",90
"6153",90
"6154",90
"6155",90
"6156",90
"6157",90
"6158",90
"6159",90
"6160",90
"6161",90
"6162",90
"6163",90
"6164",90
"6165",90
"6166",90
"6167",90
"6168",90
"6169",90
"6170",90
"6171",90
"6172",90
"6173",90
"6174",90
"6175",90
"6176",90
"6177",90
"6178",90
"6179",90
"6180",90
"6181",90
"6182",90
"6183",90
"6184",90
"6185",90
"6186",90
"6187",90
"6188",90
"6189",90
"6190",90
"6191",90
"6192",90
"6193",90
"6194",90
"6195",90
"6196",90
"6197",90
"6198",90
"6199",90
"6200",90
"6201",90
"6202",90
"6203",90
"6204",90
"6205",90
"6206",90
"6207",90
"6208",90
"6209",90
"6210",90
"6211",90
"6212",90
"6213",90
"6214",90
"6215",90
"6216",90
"6217",90
"6218",90
"6219",90
"6220",90
"6221",90
"6222",90
"6223",90
"6224",90
"6225",90
"6226",90
"6227",90
"6228",90
"6229",90
"6230",90
"6231",90
"6232",90
"6233",90
"6234",90
"6235",90
"6236",90
"6237",90
"6238",90
"6239",90
"6240",90
"6241",90
"6242",90
"6243",90
"6244",90
"6245",90
"6246",90
"6247",90
"6248",90
"6249",90
"6250",90
"6251",90
"6252",90
"6253",90
"6254",90
"6255",90
"6256",90
"6257",90
"6258",90
"6259",90
"6260",90
"6261",90
"6262",90
"6263",90
"6264",90
"6265",90
"6266",90
"6267",90
"6268",90
"6269",90
"6270",90
"6271",90
"6272",90
"6273",90
"6274",90
"6275",90
"6276",90
"6277",90
"6278",90
"6279",90
"6280",90
"6281",90
"6282",90
"6283",90
"6284",90
"6285",90
"6286",90
"6287",90
"6288",90
"6289",90
"6290",90
"6291",90
"6292",90
"6293",90
"6294",90
"6295",90
"6296",90
"6297",90
"6298",90
"6299",90
"6300",90
"6301",90
"6302",90
"6303",90
"6304",90
"6305",90
"6306",90
"6307",90
"6308",90
"6309",90
"6310",90
"6311",90
"6312",90
"6313",90
"6314",90
"6315",90
"6316",90
"6317",90
"6318",90
"6319",90
"6320",90
"6321",90
"6322",90
"6323",90
"6324",90
"6325",90
"6326",90
"6327",90
"6328",90
"6329",90
"6330",90
"6331",90
"6332",90
"6333",90
"6334",90
"6335",90
"6336",90
"6337",90
"6338",90
"6339",90
"6340",90
"6341",90
"6342",90
"6343",90
"6344",90
"6345",90
"6346",90
"6347",90
"6348",90
"6349",90
"6350",90
"6351",90
"6352",90
"6353",90
"6354",90
"6355",90
"6356",90
"6357",90
"6358",90
"6359",90
"6360",90
"6361",90
"6362",90
"6363",90
"6364",90
"6365",90
"6366",90
"6367",90
"6368",90
"6369",90
"6370",90
"6371",90
"6372",90
"6373",90
"6374",90
"6375",90
"6376",90
"6377",90
"6378",90
"6379",90
"6380",90
"6381",90
"6382",90
"6383",90
"6384",90
"6385",90
"6386",90
"6387",90
"6388",90
"6389",90
"6390",90
"6391",90
"6392",90
"6393",90
"6394",90
"6395",90
"6396",90
"6397",90
"6398",90
"6399",90
"6400",90
"6401",90
"6402",90
"6403",90
"6404",90
"6405",90
"6406",90
"6407",90
"6408",90
"6409",90
"6410",90
"6411",90
"6412",90
"6413",90
"6414",90
"6415",90
"6416",90
"6417",90
"6418",90
"6419",90
"6420",90
"6421",90
"6422",90
"6423",90
"6424",90
"6425",90
"6426",90
"6427",90
"6428",90
"6429",90
"6430",90
"6431",90
"6432",90
"6433",90
"6434",90
"6435",90
"6436",90
"6437",90
"6438",90
"6439",90
"6440",90
"6441",90
"6442",90
"6443",90
"6444",90
"6445",90
"6446",90
"6447",90
"6448",90
"6449",90
"6450",90
"6451",90
"6452",90
"6453",90
"6454",90
"6455",90
"6456",90
"6457",90
"6458",90
"6459",90
"6460",90
"6461",90
"6462",90
"6463",90
"6464",90
"6465",90
"6466",90
"6467",90
"6468",90
"6469",90
"6470",90
"6471",90
"6472",90
"6473",90
"6474",90
"6475",90
"6476",90
"6477",90
"6478",90
"6479",90
"6480",90
"6481",90
"6482",90
"6483",90
"6484",90
"6485",90
"6486",90
"6487",90
"6488",90
"6489",90
"6490",90
"6491",90
"6492",90
"6493",90
"6494",90
"6495",90
"6496",90
"6497",90
"6498",90
"6499",90
"6500",90
"6501",90
"6502",90
"6503",90
"6504",90
"6505",90
"6506",90
"6507",90
"6508",90
"6509",90
"6510",90
"6511",90
"6512",90
"6513",90
"6514",90
"6515",90
"6516",90
"6517",90
"6518",90
"6519",90
"6520",90
"6521",90
"6522",90
"6523",90
"6524",90
"6525",90
"6526",90
"6527",90
"6528",90
"6529",90
"6530",90
"6531",90
"6532",90
"6533",90
"6534",90
"6535",90
"6536",90
"6537",90
"6538",90
"6539",90
"6540",90
"6541",90
"6542",90
"6543",90
"6544",90
"6545",90
"6546",90
"6547",90
"6548",90
"6549",90
"6550",90
"6551",90
"6552",90
"6553",90
"6554",90
"6555",90
"6556",90
"6557",90
"6558",90
"6559",90
"6560",90
"6561",90
"6562",90
"6563",90
"6564",90
"6565",90
"6566",90
"6567",90
"6568",90
"6569",90
"6570",90
"6571",90
"6572",90
"6573",90
"6574",90
"6575",90
"6576",90
"6577",90
"6578",90
"6579",90
"6580",90
"6581",90
"6582",90
"6583",90
"6584",90
"6585",90
"6586",90
"6587",90
"6588",90
"6589",90
"6590",90
"6591",90
"6592",90
"6593",90
"6594",90
"6595",90
"6596",90
"6597",90
"6598",90
"6599",90
"6600",90
"6601",90
"6602",90
"6603",90
"6604",90
"6605",90
"6606",90
"6607",90
"6608",90
"6609",90
"6610",90
"6611",90
"6612",90
"6613",90
"6614",90
"6615",90
"6616",90
"6617",90
"6618",90
"6619",90
"6620",90
"6621",90
"6622",90
"6623",90
"6624",90
"6625",90
"6626",90
"6627",90
"6628",90
"6629",90
"6630",90
"6631",90
"6632",90
"6633",90
"6634",90
"6635",90
"6636",90
"6637",90
"6638",90
"6639",90
"6640",90
"6641",90
"6642",90
"6643",90
"6644",90
"6645",90
"6646",90
"6647",90
"6648",90
"6649",90
"6650",90
"6651",90
"6652",90
"6653",90
"6654",90
"6655",90
"6656",90
"6657",90
"6658",90
"6659",90
"6660",90
"6661",90
"6662",90
"6663",90
"6664",90
"6665",90
"6666",90
"6667",90
"6668",90
"6669",90
"6670",90
"6671",90
"6672",90
"6673",90
"6674",90
"6675",90
"6676",90
"6677",90
"6678",90
"6679",90
"6680",90
"6681",90
"6682",90
"6683",90
"6684",90
"6685",90
"6686",90
"6687",90
"6688",90
"6689",90
"6690",90
"6691",90
"6692",90
"6693",90
"6694",90
"6695",90
"6696",90
"6697",90
"6698",90
"6699",90
"6700",90
"6701",90
"6702",90
"6703",90
"6704",90
"6705",90
"6706",90
"6707",90
"6708",90
"6709",90
"6710",90
"6711",90
"6712",90
"6713",90
"6714",90
"6715",90
"6716",90
"6717",90
"6718",90
"6719",90
"6720",90
"6721",90
"6722",90
"6723",90
"6724",90
"6725",90
"6726",90
"6727",90
"6728",90
"6729",90
"6730",90
"6731",90
"6732",90
"6733",90
"6734",90
"6735",90
"6736",90
"6737",90
"6738",90
"6739",90
"6740",90
"6741",90
"6742",90
"6743",90
"6744",90
"6745",90
"6746",90
"6747",90
"6748",90
"6749",90
"6750",90
"6751",90
"6752",90
"6753",90
"6754",90
"6755",90
"6756",90
"6757",90
"6758",90
"6759",90
"6760",90
"6761",90
"6762",90
"6763",90
"6764",90
"6765",90
"6766",90
"6767",90
"6768",90
"6769",90
"6770",90
"6771",90
"6772",90
"6773",90
"6774",90
"6775",90
"6776",90
"6777",90
"6778",90
"6779",90
"6780",90
"6781",90
"6782",90
"6783",90
"6784",90
"6785",90
"6786",90
"6787",90
"6788",90
"6789",90
"6790",90
"6791",90
"6792",90
"6793",90
"6794",90
"6795",90
"6796",90
"6797",90
"6798",90
"6799",90
"6800",90
"6801",90
"6802",90
"6803",90
"6804",90
"6805",90
"6806",90
"6807",90
"6808",90
"6809",90
"6810",90
"6811",90
"6812",90
"6813",90
"6814",90
"6815",90
"6816",90
"6817",90
"6818",90
"6819",90
"6820",90
"6821",90
"6822",90
"6823",90
"6824",90
"6825",90
"6826",90
"6827",90
"6828",90
"6829",90
"6830",90
"6831",90
"6832",90
"6833",90
"6834",90
"6835",90
"6836",90
"6837",90
"6838",90
"6839",90
"6840",90
"6841",90
"6842",90
"6843",90
"6844",90
"6845",90
"6846",90
"6847",90
"6848",90
"6849",90
"6850",90
"6851",90
"6852",90
"6853",90
"6854",90
"6855",90
"6856",90
"6857",90
"6858",90
"6859",90
"6860",90
"6861",90
"6862",90
"6863",90
"6864",90
"6865",90
"6866",90
"6867",90
"6868",90
"6869",90
"6870",90
"6871",90
"6872",90
"6873",90
"6874",90
"6875",90
"6876",90
"6877",90
"6878",90
"6879",90
"6880",90
"6881",90
"6882",90
"6883",90
"6884",90
"6885",90
"6886",90
"6887",90
"6888",90
"6889",90
"6890",90
"6891",90
"6892",90
"6893",90
"6894",90
"6895",90
"6896",90
"6897",90
"6898",90
"6899",90
"6900",90
"6901",90
"6902",90
"6903",90
"6904",90
"6905",90
"6906",90
"6907",90
"6908",90
"6909",90
"6910",90
"6911",90
"6912",90
"6913",90
"6914",90
"6915",90
"6916",90
"6917",90
"6918",90
"6919",90
"6920",90
"6921",90
"6922",90
"6923",90
"6924",90
"6925",90
"6926",90
"6927",90
"6928",90
"6929",90
"6930",90
"6931",90
"6932",90
"6933",90
"6934",90
"6935",90
"6936",90
"6937",90
"6938",90
"6939",90
"6940",90
"6941",90
"6942",90
"6943",90
"6944",90
"6945",90
"6946",90
"6947",90
"6948",90
"6949",90
"6950",90
"6951",90
"6952",90
"6953",90
"6954",90
"6955",90
"6956",90
"6957",90
"6958",90
"6959",90
"6960",90
"6961",90
"6962",90
"6963",90
"6964",90
"6965",90
"6966",90
"6967",90
"6968",90
"6969",90
"6970",90
"6971",90
"6972",90
"6973",90
"6974",90
"6975",90
"6976",90
"6977",90
"6978",90
"6979",90
"6980",90
"6981",90
"6982",90
"6983",90
"6984",90
"6985",90
"6986",90
"6987",90
"6988",90
"6989",90
"6990",90
"6991",90
"6992",90
"6993",90
"6994",90
"6995",90
"6996",90
"6997",90
"6998",90
"6999",90
"7000",90
"7001",90
"7002",90
"7003",90
"7004",90
"7005",90
"7006",90
"7007",90
"7008",90
"7009",90
"7010",90
"7011",90
"7012",90
"7013",90
"7014",90
"7015",90
"7016",90
"7017",90
"7018",90
"7019",90
"7020",90
"7021",90
"7022",90
"7023",90
"7024",90
"7025",90
"7026",90
"7027",90
"7028",90
"7029",90
"7030",90
"7031",90
"7032",90
"7033",90
"7034",90
"7035",90
"7036",90
"7037",90
"7038",90
"7039",90
"7040",90
"7041",90
"7042",90
"7043",90
"7044",90
"7045",90
"7046",90
"7047",90
"7048",90
"7049",90
"7050",90
"7051",90
"7052",90
"7053",90
"7054",90
"7055",90
"7056",90
"7057",90
"7058",90
"7059",90
"7060",90
"7061",90
"7062",90
"7063",90
"7064",90
"7065",90
"7066",90
"7067",90
"7068",90
"7069",90
"7070",90
"7071",90
"7072",90
"7073",90
"7074",90
"7075",90
"7076",90
"7077",90
"7078",90
"7079",90
"7080",90
"7081",90
"7082",90
"7083",90
"7084",90
"7085",90
"7086",90
"7087",90
"7088",90
"7089",90
"7090",90
"7091",90
"7092",90
"7093",90
"7094",90
"7095",90
"7096",90
"7097",90
"7098",90
"7099",90
"7100",90
"7101",90
"7102",90
"7103",90
"7104",90
"7105",90
"7106",90
"7107",90
"7108",90
"7109",90
"7110",90
"7111",90
"7112",90
"7113",90
"7114",90
"7115",90
"7116",90
"7117",90
"7118",90
"7119",90
"7120",90
"7121",90
"7122",90
"7123",90
"7124",90
"7125",90
"7126",90
"7127",90
"7128",90
"7129",90
"7130",90
"7131",90
"7132",90
"7133",90
"7134",90
"7135",90
"7136",90
"7137",90
"7138",90
"7139",90
"7140",90
"7141",90
"7142",90
"7143",90
"7144",90
"7145",90
"7146",90
"7147",90
"7148",90
"7149",90
"7150",90
"7151",90
"7152",90
"7153",90
"7154",90
"7155",90
"7156",90
"7157",90
"7158",90
"7159",90
"7160",90
"7161",90
"7162",90
"7163",90
"7164",90
"7165",90
"7166",90
"7167",90
"7168",90
"7169",90
"7170",90
"7171",90
"7172",90
"7173",90
"7174",90
"7175",90
"7176",90
"7177",90
"7178",90
"7179",90
"7180",90
"7181",90
"7182",90
"7183",90
"7184",90
"7185",90
"7186",90
"7187",90
"7188",90
"7189",90
"7190",90
"7191",90
"7192",90
"7193",90
"7194",90
"7195",90
"7196",90
"7197",90
"7198",90
"7199",90
"7200",90
"7201",90
"7202",90
"7203",90
"7204",90
"7205",90
"7206",90
"7207",90
"7208",90
"7209",90
"7210",90
"7211",90
"7212",90
"7213",90
"7214",90
"7215",90
"7216",90
"7217",90
"7218",90
"7219",90
"7220",90
"7221",90
"7222",90
"7223",90
"7224",90
"7225",90
"7226",90
"7227",90
"7228",90
"7229",90
"7230",90
"7231",90
"7232",90
"7233",90
"7234",90
"7235",90
"7236",90
"7237",90
"7238",90
"7239",90
"7240",90
"7241",90
"7242",90
"7243",90
"7244",90
"7245",90
"7246",90
"7247",90
"7248",90
"7249",90
"7250",90
"7251",90
"7252",90
"7253",90
"7254",90
"7255",90
"7256",90
"7257",90
"7258",90
"7259",90
"7260",90
"7261",90
"7262",90
"7263",90
"7264",90
"7265",90
"7266",90
"7267",90
"7268",90
"7269",90
"7270",90
"7271",90
"7272",90
"7273",90
"7274",90
"7275",90
"7276",90
"7277",90
"7278",90
"7279",90
"7280",90
"7281",90
"7282",90
"7283",90
"7284",90
"7285",90
"7286",90
"7287",90
"7288",90
"7289",90
"7290",90
"7291",90
"7292",90
"7293",90
"7294",90
"7295",90
"7296",90
"7297",90
"7298",90
"7299",90
"7300",90
